temperature,pressure,catalyst_loading,residence_time,feed_ratio,impurity_level,conversion
374.9080237694725,14.265072566375158,1.0071513513092363,31.625825323036864,1.154264209339765,0.08275189221063031,0.03890661121888768
490.14286128198324,11.185830960538288,2.755314642153955,29.271730780154126,1.1174469976799997,0.07645277946547177,0.061825517625728604
446.39878836228104,6.8810247094402275,4.3774345957944005,2.5128818825797055,2.7656364513025915,0.05735289514555733,0.017418889413135172
419.73169683940733,16.462105374432024,3.68790194340685,21.133621829943223,1.1238654996237654,0.09560471436119332,0.010324393296475439
331.2037280884873,14.009892278523706,4.052149624521104,23.431541508365566,1.1798743153215776,0.02004745155284028,0.04876595970501202
331.1989040672405,4.089721847552934,3.3280384968825154,24.530544072917127,2.398495656044909,0.010926421030962141,0.012769510325047962
311.6167224336399,18.307616505383006,3.4921551661374775,35.2301697844126,1.62434960612635,0.08539619669554221,0.0
473.23522915498705,16.628207615540212,4.261058692670065,32.48255025688583,2.441776392387953,0.04391498166337483,0.0568874917088846
420.2230023486418,19.046198352546558,1.3233732434100112,36.86640047481323,0.663415393910963,0.08469688542070605,0.004734158426353753
441.6145155592091,14.78867065937884,2.4981823218513886,46.12811243098557,1.7189279841834608,0.0893090205195415,0.049972847854902386
304.1168988591605,12.654888722780008,1.183926264916051,48.96615858424951,0.5840340004582065,0.006245759361907144,0.0
493.98197043239884,8.946617689521759,4.939573239183571,43.36926149736317,0.6566330086383863,0.08834647629860608,0.03242163174275429
466.48852816008434,18.72184118372625,4.725890764464405,57.37589806134115,2.7660936333610273,0.04483190553694222,0.028405697193653632
342.46782213565524,17.455213900507758,0.29319137570567894,2.075722377905336,0.8481134277939879,0.05104324890042322,0.022943986768347812
336.3649934414201,1.8591547320175987,3.5573183453268737,12.55090115532922,1.8310517056880427,0.06265925110932102,0.0
336.68090197068676,1.500972515447788,4.633716755336763,1.4462096237103852,1.5277390065017664,0.09263826067300868,0.03095791361955692
360.8484485919075,8.152803970682942,0.9848191911239343,39.201008135121576,1.3683583156471066,0.001911609442976403,0.008035869263027984
404.9512863264476,16.400513284854824,2.8829316297078846,53.98380238804923,2.7495833642181813,0.047684346831781715,0.005762633101203063
386.3890037284232,19.758246456983944,4.585892658181406,15.365455498001657,0.5545584919387238,0.06877220424305606,0.020501410544607655
358.2458280396084,3.8579209309670355,0.26633529507041437,55.69503814298209,2.1594742154389728,0.07227069576982285,0.026353449015081073
422.3705789444759,12.288483591690568,3.5173593095095157,4.55577602708409,2.908486085533876,0.0692532431537108,0.004011622754756625
327.89877213040836,8.23692627598941,1.5570101361254989,56.131725581525345,1.900420458654605,0.013443512940812186,0.001462053367765951
358.4289297070436,19.42837355847746,4.6295413573449995,21.74573854713843,2.8420561550827297,0.029939558837168125,0.02757611234528563
373.27236865873834,17.000259539578465,4.858185401310302,6.9838288785037745,0.6306446982150594,0.035871552541701344,0.03461519177988164
391.2139968434072,16.92824538951162,4.726905796655826,29.666433791993214,1.5469832976854034,0.0804437207679505,0.06205850240647996
457.0351922786027,9.905170036104435,2.423649661621573,16.149817495509968,1.1503944774051278,0.027875987241455305,0.06960432061705969
339.93475643167193,8.881570544415638,4.324008989847636,17.807501215753447,2.3270524124518244,0.021070496386720317,0.006551379884133119
402.8468876827223,6.194734366683418,4.238292052821845,19.130107930650908,2.9532427262431167,0.09574480190380963,0.0
418.4829137724085,2.071134436367615,1.6635923188919528,48.378527972127145,1.1413251561106195,0.00088632851134689,0.00818963046637786
309.2900825439995,17.42972514884601,4.16168582333832,32.810515323840015,2.1354365036851863,0.09978208556819783,0.009424743590009834
421.5089703802877,16.445119173471475,0.28133741010591384,19.367154250204216,0.9952440818993503,0.06768212988573956,0.0
334.10482473745833,19.99463579243648,3.0217224045620603,37.009693215344186,1.9133256364290248,0.08284692994491172,0.0
313.0103185970559,19.9360999044042,1.227043302709745,43.25288977916842,1.6598312167208404,0.02946193963461932,0.014374452458256984
489.7771074506667,11.553202406449921,0.6907777403086662,17.084816043278494,2.9300133240788426,0.0014315277667059979,0.011493301729912664
493.12640661491184,15.610760888429699,0.4770706879831249,25.39939698999574,2.0213181817411665,0.07378695185615301,0.011633077208314519
461.6794696232922,18.950548867766134,3.511815001802885,8.191279506879905,1.373765930217047,0.08341445970006758,0.008680566557654356
360.92275383467415,17.14330042287082,1.7653873224635241,11.687811622546139,0.7852394622198334,0.07404761319535191,0.012430492205945717
319.5344228012768,5.699613933120755,3.6513571804909315,41.185953383933985,0.8781170718373363,0.01428502873008386,0.0
436.8466053024314,9.560338570891776,0.42024606991481767,11.70486251404199,1.0632923248780877,0.07534279222569691,0.023327271294515894
388.03049874792026,3.4540288878784047,1.6449226553699907,31.98463963635655,1.127416653350745,0.07689227821076411,0.03240643470421399
324.40764696895576,19.126969517915725,2.7435073326391524,42.833729441623525,2.6265401446028447,0.0658540515670055,0.0
399.03538202225405,12.51731805456672,3.9745435077109215,7.305738462589886,1.9030569707063123,0.07661159327955863,0.0
306.8777042230437,5.344213304565792,1.6618872643671427,34.47142095810531,1.808477278435916,0.08459214396777322,0.0
481.8640804157564,13.762313003711277,3.166867744541345,16.137204238380463,0.7869221796730437,0.06136041142374585,0.037986491188510184
351.75599632000336,12.74443656870002,4.441290966357317,57.81268563901721,2.6503492333735874,0.008860471396967906,0.03015172198408615
432.5044568707964,7.805091642623969,3.1177296220932926,29.529193156475557,2.3070357580212093,0.04876278096672109,0.0005431848937815717
362.3422152178822,3.1575942517929514,1.2415014262928055,48.55356043673433,0.669170904750004,0.007764933467160506,0.0
404.0136042355622,13.759890716263193,0.21956382962703633,33.46336598721945,2.2695877430744216,0.040754303103243086,0.0
409.3420558686559,10.885846317172073,4.363484482114557,3.561339438434331,1.8588455433566151,0.040710648912562764,0.013163204260223094
336.9708911051054,15.674049442977147,0.20422011316689698,38.35593116004732,0.7043133643669457,0.0066009844140241586,0.006257527269209086
493.9169255529117,10.883106521127875,4.386038196152578,57.13279719019276,1.645751603821641,0.034882053396947936,0.060268750744664534
455.0265646722229,17.19144850605226,2.691791956733339,36.49509738863354,1.7117407178251174,0.011099809879131485,0.07936884344873699
487.8997883128378,11.486229936715226,4.701431722713192,49.33214270618062,0.9144363504081894,0.08082352100092222,0.05759717475312238
478.9654700855298,11.65782145917234,4.014037855290961,53.168181337556064,2.864245367500706,0.09476880259644709,0.025812367594655484
419.57999576221704,17.656418450508557,4.989877141613354,14.456706544987016,2.624938428701655,0.007231647525793861,0.06885165280053121
484.37484700462335,8.666174458035544,1.8184878957133799,13.510645554585372,2.1725558433227707,0.09551152072917014,0.039930493929903575
317.6985004103839,3.546289340562174,3.8592226157625222,37.04787834220851,1.655738902501518,0.05225765993367452,0.0
339.196572483829,1.5468708499534405,2.069461476685287,25.250679718595578,1.5294138539612714,0.02995656779538739,0.020555241151441403
309.04545778210763,15.347607857798762,2.4513905394891533,50.5518168691365,2.1274336678773853,0.007686207527616351,0.023683352152872393
365.06606615265287,12.78588147571583,3.1747767697700136,54.101364280482656,1.8635796735172636,0.05006242680704179,0.012828860546500887
377.7354579378964,14.377515593885247,4.38101785951306,21.85186137886037,0.6556827647047141,0.07945155444907487,0.05519246567755387
354.2698063547792,5.046319068669304,4.922008999076547,14.975362979494442,1.7812566219258292,0.07070864772666982,0.03999170473820633
465.7475018303859,3.5910580361486257,3.8645397279361395,47.05100539938785,2.5160090430820987,0.005022601146397377,0.0043372072428181155
371.3506653387179,1.2763486476897565,2.1470572326199355,17.213556097340028,1.648099693992395,0.007290183536790351,0.0
356.18690193747614,7.661163617325343,2.164649311157644,49.53424479230703,0.6298914438856711,0.040287328263263714,0.0528479455533767
408.5392166316497,12.208436050238028,3.7141532777855684,26.000556965277006,2.4656954984600827,0.029529049404794328,0.0417918612821938
328.1848449949525,8.452636856894914,1.2700080142646815,40.385444058196754,1.003409455339936,0.023238432305604784,0.023979008440466427
460.4393961508079,9.312023518450852,0.6413231543438339,6.636583516245422,1.146552087220097,0.028100449890871362,0.014271117628684939
314.9101287359542,18.17901519538122,1.837648572439805,37.80770015591781,0.9117658835807397,0.08034827432968847,0.01727677550472756
497.3773873201035,7.6168538734427065,1.5074710591050007,27.65429304549652,1.3255376621787438,0.0929228053631854,0.0
454.4489538593315,10.765800294036405,1.5519097902343515,35.60989932735297,2.3918787642215875,0.040510269452756646,0.051170277970666075
339.74313630683446,15.889407242081719,1.2446779801445589,10.91283825694694,1.7984646487598432,0.09061110021324971,0.028858067200022722
301.1044234247205,8.534312864104134,0.30625662921817326,44.475550951706744,1.0122031853767814,0.032149570124788196,0.0
463.09228569096683,12.819647304329596,0.1875822801937277,51.90502757505048,2.6945751953801023,0.047643698634379165,0.0038111987629098378
441.3714687695234,17.38491046618816,4.939839709706555,13.787648205355763,2.698954637378823,0.022602899781599975,0.002524293390046242
445.80143360819744,19.0408918494952,2.1960883553057258,6.647158775689542,2.6764460626150175,0.0640476042175844,0.022626128159819407
454.25406933718915,3.794396137651721,1.9832005710824403,2.3946765767338474,1.0969905284538481,0.0978981115174809,0.013697222325047302
314.80893034681804,18.605164878068393,3.4302716851960424,38.876318526152694,1.6280983604524701,0.06034930960433787,0.01012006301653045
371.6931457088545,10.350209568511225,1.1694440505388144,36.81854812923807,2.962474140352188,0.03578140841135489,0.03588842216684187
323.17381190502596,5.906643377680209,4.754809801356105,33.25514735013013,2.430031190774976,0.06478174459905284,0.0
472.6206851751187,9.723579368526964,3.9530905706362054,14.684878670842549,0.5679185530638995,0.012292067846538758,0.07090626305978691
424.6596253655116,19.620618930424065,0.5381139113300717,24.063453758425364,0.6630114781512302,0.08886590802653987,0.0
366.17960497052985,10.359743785864522,2.146145801346149,36.07410377598421,1.659828442030832,0.05030839507798364,0.026159034522865485
312.71167005720474,7.246280595462656,4.407679707054608,30.309244672690994,2.7730505146539004,0.04493497420396421,0.0008376206523529987
362.19646434313245,13.03461623201779,4.729186909227911,59.27934569267835,1.8467544948817856,0.058586478845351925,0.04053171448562557
365.0366644053494,5.562766756785669,2.3902674051243618,9.049945400847255,1.7445312700857256,0.06247838627894025,0.0
445.9212356676128,2.4414032340646146,3.105715807132468,42.01352868880803,0.7636842498915765,0.007177580622651303,0.027286221902049355
427.51149427104264,3.4487147163023355,0.9184663358511687,24.854807318153235,2.1419502618107353,0.06826172212234025,0.022735052959901563
477.4425485152653,3.4328709401976765,4.956726268071185,26.263777280611272,2.5552579015005636,0.02419316803155296,0.010834499885417575
394.44298503238986,3.8861511767335926,1.2351913367788727,43.3382681738324,1.451050018768906,0.07139526325065898,0.0
323.9188491876603,3.6377162803387924,4.719385693262116,41.85373292813781,2.4390296273133187,0.08225347943841968,0.03936783996176307
442.648957444599,13.176620151261078,3.2832685800626056,59.48410362842911,2.9111916347520292,0.08039585075525203,0.06092675214242256
452.1570097233795,4.4557216035837515,3.07791029490641,8.57526307779339,1.0094161478192227,0.055250096740788915,0.0
412.25543951389926,7.567678383153401,2.612173703980892,7.1424693136658135,1.8083240779868532,0.05201698923107512,0.025071639451467672
454.1934359909122,18.038979788214224,1.2302820774170176,43.73599021059573,1.217844895211439,0.014287596133941172,0.04920393631532227
398.75911927287814,10.005271164994575,0.9649873568269905,35.124828103378135,2.482136047584598,0.07753461504031356,0.017087097834495864
404.5465658763988,13.683597031899517,1.1803824244438592,17.175479327028548,1.9439834147028938,0.027140938044671437,0.025913218481366056
385.5082036717099,4.274077552830967,1.0135474845068473,5.68574277035021,2.0864560438757596,0.049669542281794654,0.0
305.08382534881906,4.653491357364745,3.9199639204770915,6.0538367261894015,2.4947853990397353,0.02842740929275167,0.0
321.5782853986609,1.7765037090630984,1.8156137699169776,53.757261605182975,1.4899261816561373,0.013382836299969315,0.0
306.28583713734685,4.209766198371127,0.3834291151606422,12.320172158405832,2.787725171017608,0.06295576968917366,0.0
427.2820822527561,6.293216441607214,4.848602887689976,20.078922164815726,1.83257216811535,0.005433203482290383,0.01659286507244554
362.87119621526534,4.3631992012581895,4.430550836320786,14.372727731392294,0.89488705708837,0.07486452341262,0.010161829535280973
401.71413823294057,2.6853481413840568,4.645986187656544,21.944782044084302,2.239747795422006,0.031758679526111666,0.0
481.5132947852186,3.2920815509114156,4.9750483309675335,5.096006722019508,2.483153376095636,1.3469300448532008e-05,0.020471146427106283
349.858445829775,9.75479659262179,0.9520867211754878,31.62452766358795,1.2919041926688166,0.05111291392372298,0.04224208534606502
382.07658460712594,4.920340649710058,2.041585892623028,4.989141251940679,2.6429481424968824,0.0046851908527603126,0.0
451.1102277086097,7.9211273599134335,3.815368530950048,48.22103396151933,2.765358136914416,0.027616955782089947,0.04299099491362097
345.7596330983245,10.56492814624228,3.5105010284635823,14.789012832715548,1.1922612184445223,0.07069764874557162,0.025364316618267095
315.3959819657586,14.117501743957941,0.8540899410652899,32.86070296166613,2.958803681788055,0.0062689621621865865,0.01324065493072928
357.9502905827536,1.7469306569808798,4.097582312454027,52.92466616612604,0.8517788201218961,0.08393384923560024,0.009823044440478872
332.2442574508009,16.18879757927181,1.1997588019996372,39.40176477378446,1.005039171006225,0.00038199226585831084,0.036728453925443064
485.9395304685146,12.930107400327248,1.1967063126308533,32.44450940652878,0.9605620980950653,0.024682386920190227,0.05994025765405519
461.62407591288337,2.5534216070285662,2.7311746721777266,20.13569143380716,2.734974275019676,0.07409040561520715,0.0
426.6807513020847,17.59799385802877,3.005405680724346,20.647112870433677,2.1357313808124045,0.03162701497293068,0.06035538508903134
474.29211803754356,18.49657561010445,2.942422418405275,40.49973035669322,0.8802607080556821,0.010189238806601353,0.13303281323244834
460.7344153798229,2.1604812372424114,0.5482855032489989,59.65422231204889,1.6008085459208725,0.03602339188004279,0.0
337.31401177720716,6.26067531479687,4.399558226888864,40.04851220111334,2.038245062674505,0.027039328638452556,0.016843712859878894
478.51179969799557,16.317824316068165,1.4014402086846598,33.90922162483147,0.7086602124734582,0.0842711902160555,0.058981755761216344
407.86844838313016,15.216934117289508,0.7346231142857405,44.10838010411552,2.7060409210183467,0.031334791758514315,0.012382712574517417
461.4880310328125,4.505899367771169,4.454865591357988,28.44713112473937,2.509008838603838,0.07889324717760073,0.038418193865494346
479.21825998469865,4.977637143397496,4.782692341325792,4.548398213446328,1.7630169339415955,0.08918721448107347,0.053314578804973575
363.60069499437276,8.038969953036258,4.324425324600709,34.17551213679668,2.917816538147926,0.04338174195765296,0.0026960755720436685
322.0103849055354,10.205936718629406,4.0666287661519025,57.49989178581743,1.5444024481877492,0.0909943143854392,0.0
345.58703250838835,12.746840659075623,3.3106857051312066,11.34287359910192,2.9602757975912444,0.03773180539631929,0.015706723640418918
385.42155772525126,8.009359151825675,2.7992011159847827,41.71028855841928,2.1697999970090676,0.09640784164901083,0.032932012270647355
463.60295318449863,9.78815960652981,0.5262351235659097,12.855087630884332,2.0866781831348535,0.008928952452557292,0.004146672281664076
472.1461166512687,15.201947824541374,2.1014207440464236,32.613833383911796,0.9148872382394625,0.06870192665032428,0.08765301842245402
301.3904261062381,1.69698085492136,1.9261737333603386,6.703910529156458,2.70481939576161,0.04938140404569287,0.0
402.14946051551317,5.796301942536394,1.3727935404255984,27.571885239232923,1.5687242198015379,0.038764880545564706,0.03184235893428806
383.4822006297558,14.553642131806496,3.6447585570740664,45.613636404819516,0.9055835144561983,0.0632711878748601,0.04396150086833059
344.42156209414605,18.008929916056786,2.5297911018859773,21.506719930099944,0.5315187999393975,0.07038570916343312,0.06177286019876184
323.97307346673654,10.721871400197656,0.4971264579474749,40.22979174474586,1.8993892090959563,0.00043632696503090876,0.04455154511309801
367.5230342807256,11.110156220040997,1.1788976895540757,47.93154768659402,1.8184990553066909,0.016695308874719872,0.008437980195827534
488.5819407825038,3.036268215455745,3.44796794193202,55.70349134928771,2.2983840559228965,0.07130460506343188,0.00655757624198351
364.64058640415107,9.500834969645638,0.4730412115024709,14.84388282947176,2.7256451325445052,0.06663854135782064,0.02005616764019838
403.7581243486732,11.11972806264544,4.270913878838967,24.559639032749182,0.6985164616075739,0.09660475051286772,0.028870202438765924
440.6037917790356,5.606939569059864,2.5262179823684745,9.992544786494628,2.328741225850906,0.07610377902507831,0.00837327182358297
372.7259204758588,6.115621388038238,2.454874228900575,59.55652662734414,0.9685298602439556,0.09507727077313381,0.022034261187787483
494.35641654419214,8.16839909898783,3.0027981448316363,55.69305710753343,2.6454426328929097,0.0702540501534807,0.0
492.48945898842226,1.381352757776801,4.140936733033231,32.857470686553015,2.54765878465414,0.029805220863944316,0.00912524942779481
350.3564591650728,7.119504146080388,1.8042651187207461,50.67996436820886,1.8519843874638608,0.010536492225085648,0.006604361129712171
399.4497011784771,5.017512132934348,3.422279147539412,31.736520659050488,2.275606996558279,0.07818238633449356,0.005990049070971523
360.17566196335395,7.222449691380378,2.8720866235793765,37.79155559216282,1.285875282959371,0.06441492214759159,0.05222483602679098
356.9680988754935,3.275480504565773,1.4084385238301647,6.258341494844981,1.6779197473320366,0.0048186012393296234,0.0
307.37738947090656,17.920018334058003,4.405286933140275,45.56095480931167,2.554092244276179,0.03600504659009784,0.02171457579497011
421.91286679597937,12.278256617526925,4.007387505873948,8.535095534478854,1.6481629929330348,0.09567998154842862,0.009494503270661023
400.5358046457723,13.902944063745302,3.326413989826285,49.737990184899175,1.3944956633136045,0.050040114571020124,0.0518237251713785
310.29575024999787,15.994253533539428,4.267850472561785,47.139657172552766,1.7355311181257498,0.04327291360197047,0.02486682640115263
355.7292928473223,10.470401779652088,4.349741584703032,42.81593716683561,2.570623131093046,0.0457699605159294,0.030217995830758654
481.65317719333075,2.65148547366105,3.5709785859036707,3.1334624509609648,1.3380201184271818,0.020888272400516373,0.016010793394057164
347.9123781333945,11.205024294552407,4.201365308981993,18.884573000774388,0.9344039828393595,0.03687071708647952,0.0466246174385589
328.9789744182446,12.149981242396704,3.51761016217949,16.523641624739728,2.280035050826952,0.03698132559871766,0.004095054286631874
397.8905520555126,15.16335000950227,3.4326897816254722,22.248048040819626,2.5649455317702046,0.00523550201874724,0.025847558535756456
497.13009082212017,9.201531378363908,3.1311957532544032,6.1709220590664735,0.7515936963088333,0.07675676285179184,0.0
348.4110543023001,3.4240257531157114,3.7883115338324425,56.28051155883271,1.0996852818898617,0.0416504431903879,0.0
434.4271094811757,6.391742210175765,0.8771650159360612,33.6743322020302,0.8549299744024847,0.08221798868164233,0.07456257884496238
452.32392306574354,7.898563631574067,4.416266720074749,19.02593432882339,1.3698535289554166,0.08503480011198955,0.05283998507243091
347.5275087984799,13.272427585300424,4.372033285951637,24.421909507382722,1.6258774472635316,0.021199405469865807,0.002788019182553933
445.64326972237194,11.844787788709326,0.24331168686933982,27.384949889785304,2.3720658424082663,0.06573534821701287,0.0
373.55662654385065,7.765837792059079,4.146502077767337,36.43506566827642,2.127868962204185,0.04722818041629817,0.035387868720322596
426.4611661187159,19.743789727066613,0.7314623506198815,31.425086234093367,2.052321418696078,0.08801567379214852,0.02547852758298757
426.7059421521789,12.509721567780856,1.7420823858697954,55.24412641965063,1.380937366524136,0.021574067917645413,0.06792526918189953
407.15493681495167,5.507309042983895,3.7431904558288784,30.320845491443986,2.6036188827119,0.06778132003100443,0.012157866341863211
318.05795401088164,2.933866979787671,0.8877234906367103,59.537322874575445,1.6782179184954114,0.06077521222527226,0.0
467.0604991178476,3.9043236445023086,4.108038418183405,51.23407250696065,2.9477623450378863,0.02953014775718328,0.028988666259530563
364.1560129943472,5.673196839305654,4.177457471992936,13.302120347082813,2.085355345739342,0.013660090365117263,0.01518949118708807
337.30370207997083,4.052946091931558,2.5865918954280978,55.90511766399106,0.8156618539112568,0.06516397604772765,0.0
308.1550283109528,4.544773456974809,0.13129077141248455,7.86561747524309,2.190443905188585,0.07385974581323307,0.0
418.1785886376484,6.416808205183095,1.5064868525570727,49.2295328009803,1.3127600385792475,0.031562734376335,0.014179721706962613
435.5128723684565,4.294098310600342,3.122941900041137,23.456774315118224,2.2158179917152436,0.06448326040223139,0.019412740272056757
303.3175657855712,18.03854306790208,4.907812272334375,52.8004849062591,0.6741028704060144,0.03951309076115033,0.0645010948536136
402.4186116598562,2.5244411675712017,3.195886282381675,52.21534471633957,0.9372035929398985,0.07132068832826177,0.024588487934558662
345.2991550395876,10.96571640183484,1.373037547214383,48.54959860693965,2.6393431472644657,0.019921527489405313,0.008496466276039907
429.03455808189,8.79753971280357,3.206627945188096,47.61179574211662,1.0679488925587872,0.08902150026361744,0.05982268030604504
334.8732858009983,19.66519372126352,2.745928360607692,18.976069206784405,2.59260281310735,0.028740959646557974,0.024424582591968648
438.1875476204932,3.1287391411929946,3.921242436240604,5.774237700023878,1.198190221136026,0.03677859877561529,0.016365246846169444
377.3470692601075,8.55925638186909,0.6242051302520962,24.775830547144526,2.1072047751467693,0.005809195208034979,0.021735660859083586
487.3459977473469,19.41993823223201,3.8290367222599375,11.237946384204012,2.2353764337745776,0.01115122123212764,0.08125574942231154
327.50418882919865,17.444635391985624,2.7522062355129404,42.00211424524524,1.7816368828626323,0.05158619027123282,0.0
368.2132702100517,16.52436934803632,4.818660818909074,21.419883865729346,1.263276691741828,0.02675926767279715,0.053568813843029334
322.69470424811783,5.9001537138538565,1.775173613589562,58.56100185073498,1.0316109409277403,0.08354802257421945,0.0
484.9387236557126,4.246864160411251,3.199847276356346,38.81735256337459,0.5829733864060656,0.0014693388654953843,0.06754475561366786
475.4678706761962,13.70422117856419,4.666937716999086,49.5263532544273,1.2598660031018096,0.03790940486719362,0.07022626677460758
351.58832554303115,18.65814379342413,0.6022976671543284,8.818955691769057,2.1329069763282074,0.03373455467690927,0.0
431.9968092068358,11.578494967264666,4.692419587458611,51.85885445408473,2.8457620461212065,0.0019327630917601035,0.04663383354288995
463.4444400402432,11.860641099928097,3.470640039273986,55.442674240290266,2.67801120565763,0.012436839900051023,0.07626824802501811
411.0401623198925,6.3196027795453995,0.43240158961534236,29.73665321031722,2.4151619413382566,0.04136426749186353,0.023874980452242584
405.9301156712013,15.620365730646801,1.5747214780393997,36.76892332730767,2.4711183581332468,0.04928645844474466,0.0033789293724899964
348.37045818009034,4.553831222592944,3.57004323436188,46.12377825327673,2.162462258689988,0.04042897472548691,0.014996932746032948
318.62055356117986,7.14990549168063,0.43001794719698133,11.31547900836434,1.1507171439150075,0.05309376784120939,0.0
479.44315159066537,9.083292333711919,2.9526352548637393,30.651398511343103,2.7679875767645745,0.059513167490568154,0.00426359631549884
480.0836114326661,10.644597195004646,1.7948269790694882,24.521118638566474,2.176830779764585,0.000992382112783563,0.03558106411550566
426.62029145465357,5.605784915886525,3.142486037060638,9.636065537572698,1.9011015774511,0.046409515945350394,0.007040957569253215
367.80595820974014,3.181899670044867,0.324135965681313,22.684530915200355,0.7774736730337026,0.09634992408875884,0.0502890529339838
369.84191492253217,12.60178080639102,4.370530350146644,5.02216625374412,1.6176388595160636,0.051903228012954876,0.018759890679007917
445.1911357740479,6.48398051156486,4.8700959489692455,2.522902510019732,1.6508956780048156,0.06775422674589532,0.0
479.4220519905154,12.043526207029633,4.847501490899889,8.974811060134543,2.6614090238066748,0.031186385791688323,0.01037131928639979
477.4172848530235,3.932891590209844,3.7732939755403314,57.823791583761256,1.866620550469471,0.07739913781527626,0.04447025738635683
455.97510917152476,10.141661935241531,0.7374225766400967,33.422242617806,1.451001372426024,0.07729214818761151,0.058133892122168615
428.4063292308576,11.119199218480132,3.815489660052211,57.98350750803998,2.942000821276648,0.052129604765413895,0.004781051462869661
316.8279929990098,1.9846471996261112,0.22047589064812742,26.517374821477787,0.7768014833157892,0.09760138232792137,0.0
332.3257428189228,7.395481285684491,0.20840540249208656,19.397151852030316,1.5563710707798615,0.01255502147626534,0.0389768297070713
479.7108377054158,3.5538788618405106,1.6856900738327523,30.8623699075744,0.6050616879285132,0.0016947664889580994,0.040576530142808605
421.285811931918,2.2041244389825874,2.4943516329828626,26.9311896293417,2.3497603019173257,0.0770158211757096,0.0
301.8394103233259,19.80924441540896,3.874996347258187,7.234216371442891,2.7951913804978767,0.08071555373648825,0.011014992207900243
320.2943085732064,7.124723054519737,3.4481473453718756,38.80875256672217,1.2000933238762235,0.012020722912057625,0.0
432.70035382161115,16.387614471238063,2.284923261246067,13.746252768066377,2.645854191997802,0.02655828329586061,0.025906115654736543
301.01231676924374,5.838172440511514,1.4407706647801628,37.555689338971945,1.2305455761547444,0.001755236336662891,0.007015870644524693
332.1616102834997,13.948551722254656,4.985910050772785,39.36186445149105,2.776925404109788,0.02933086107805647,0.03629324065171864
409.7467578733172,15.444329337904044,2.1882883809562674,9.969466334590239,2.3849047589919596,0.07731418739186716,0.0
438.3790395385387,12.317136071549042,2.31179641921541,4.619627999529421,2.5122669421035964,0.0517960527712579,0.010346734774804054
430.3922519005201,9.959947582453008,0.901756723839179,47.06493357803795,0.5450163890011362,0.03480955931682881,0.017797843946331108
344.853861892112,8.824977368798102,3.9945667888746543,28.12822500238989,2.907025892685065,0.03717392949063303,0.019397843515552453
442.4358442695072,7.62849706431691,3.4990429063292945,4.431663934823072,2.3166774801758083,0.00013536257154681542,0.0
347.44981749936,18.66105374070869,1.181771102664926,59.69711271301626,1.2618777384653332,0.02998005275652359,0.018775904369924944
365.07993963185356,16.781768747966854,0.5036671235176292,4.409053098785631,2.5734866621471175,0.06464587416379305,0.0
449.29828102360483,19.33551130266374,3.4344465801660946,42.007078502654636,1.2038029960373249,0.09741944438163572,0.06922881910490616
429.92657980944296,3.36164724622535,3.307104949977563,59.037056590541404,2.6818845989153197,0.08470608269838996,0.0301056430188395
469.84468209883556,14.88648202886924,1.4389716822912257,15.111626148739612,0.7814509760298425,0.0023594964645529126,0.04256715410289093
431.5225784600687,18.82846867959972,4.759231455027011,9.392712752544574,2.2592149436519895,0.08985606046748394,0.01854334631882953
413.6617206670943,4.443428257147543,0.8401836697264112,8.161711425923304,1.8517461916122757,0.0783198413298626,0.0
318.73495356561847,2.2634290799687724,2.2184405251087496,18.893233706488136,0.7413361754886021,0.07803761235709805,0.0
373.5431606118867,15.081292336511122,4.723718008821235,6.961702849628155,1.1047345706470975,0.04579957590035715,0.01773596349178829
353.0404735363451,11.914989150418325,2.1566638529379993,41.837519159953786,0.531010090693287,0.03980052929545028,0.09249917713361484
348.7979286758167,16.994746758407167,3.2287771435540193,4.6752160896736985,1.6719199136612646,0.030291572883319264,0.0
494.60211095048913,3.6556751558995004,2.048212550017692,31.055905560837594,1.2531631519000008,0.006569485895436578,0.059786065738482067
378.6195449333521,16.110078925337913,1.4436544915084832,59.80511437732563,1.995893710744397,0.022823536349369913,0.05488138023633578
478.40931103542266,4.830919080907146,4.921490475003159,49.02424590085511,1.243094519271543,0.024660363497802464,0.055504985373716814
426.2277251994526,4.109462914448386,2.105736630943711,37.29794685562964,1.2497977787674617,0.04840770697102016,0.059137275564934096
458.96226070832967,4.121050160688866,4.481086098027759,19.06896362641009,2.3579829968290085,0.0747444406596694,0.02127102261502734
400.5274186210384,16.47691968439626,1.2267775688663223,37.80985434120667,0.6203570899458837,0.047380982839794666,0.052008713945733615
415.38077692527185,13.638747193227802,1.1442130497229082,32.09544637078745,2.757237487979968,0.005784444944716061,0.0233943468977271
398.5035387637728,10.938243070613268,0.2525570061341057,26.138919649531918,2.6306596859779536,0.0957789800988204,0.026954656650918847
339.0485975596089,7.817779198346547,3.293167444341837,8.71191222767177,2.1695117080660165,0.09427243190941123,0.026352797220040657
444.4904230523011,17.66681027544906,1.9057790842464297,53.309648699187534,1.9830539252684607,0.07851895431484085,0.028593017403258217
356.15447248817117,8.456457041030072,4.335355424214222,27.537294280458028,2.7307562453491308,0.09913279015642207,0.0
304.86319328629077,16.515389349959964,2.4187285427886303,12.48272819742514,0.9633254488217862,0.05444823328002629,0.0
429.09445918143354,9.34356326283415,4.844147796782137,22.69780170176009,0.6974229054770715,0.09627683502532061,0.020255046995662294
335.4221358814098,8.161944159073244,1.0090750269452937,25.433655399206696,1.0987754247738453,0.007560504061675077,0.009890312642461464
488.09171687058284,9.790915927722523,4.3562535229824935,49.824735838445584,2.4864456967504758,0.03656807482613713,0.07537657314905186
490.78571540051746,6.7261796091187,3.9053245786795348,44.283248453122724,0.5866756668162083,0.022538126800676586,0.06895157901342487
482.9728780440897,15.204578223348772,3.877517038755855,46.388988724839045,1.957017087708724,0.019583308413427005,0.0791334004494963
374.0317400510889,10.551687411757104,4.23943781777275,1.6508446012901856,2.9885937904782747,0.01408029488926761,0.003863281821830519
303.09132330577347,5.412041207789529,3.8290175556206947,25.553085892605928,2.6392402345938484,0.06224136415659967,0.017721905494936664
485.6637125175451,18.0919168922168,3.1684795759939357,29.399304946484094,1.8036142226089735,0.0781321855747305,0.005112424725200321
385.6368296634629,8.293933206091017,0.7430999006436991,2.1323443325603444,0.6591022732166059,0.05782983994203607,0.0
493.33096380873394,11.327504361165783,0.25937827950713443,16.328979315957017,2.5784337859642745,0.014696270958820968,0.009135806030865768
492.7239954178506,18.222970108326393,4.612154454296866,45.85709956420597,1.9974462704430263,0.0811123769933471,0.08185418481045463
470.60189109347203,12.86052192236585,3.1215865411516166,9.089472638010944,0.7873324926489171,0.06359547071637285,0.021327217753182744
358.88977841391716,3.2210627734589172,4.003032725783264,32.58329775570291,0.7346432120583906,0.03881657061269955,0.0
377.01954572038505,18.856810348656026,2.4594595224114957,13.696910449017013,2.774067048591481,0.0674130295536063,0.027407759097368194
470.2273343033714,12.926453008356939,0.674810125915733,1.715125703989703,2.173000657345196,0.025990497924283287,0.0
363.38440103125555,7.363206678484636,0.7134103817924972,15.230885998372948,2.5732169982918887,0.03451922084942105,0.0
333.89854933721847,3.646169380604358,3.4592699074219597,58.57655153969317,2.697447250705668,0.09174858431319903,0.0
411.36025249167005,16.086478596135624,2.2084988850073675,48.29068960109639,1.9294308801208055,0.02905045056714204,0.04918882477892037
487.2309548321562,12.781382362641757,1.08257116083165,57.61502201494097,1.7936158793876031,0.04699882681579366,0.023834300974635438
439.2059593349946,11.135760747550108,2.508813279033041,29.783388591655385,1.5760685258024756,0.08901411373960147,0.0
414.01223401787297,17.983959077968194,0.41462379166815705,7.474435721972707,1.2923664694777983,0.07077213502675275,0.022499435188698846
319.43529875415373,15.983347013266084,2.951659869380554,33.329609849447884,1.5864899021467793,0.006220322616470275,0.043130244491941826
423.00144533983394,3.881822714922272,1.4180676817319786,27.80826273903769,2.434699139325391,0.014730304427897035,0.025906870737438695
498.01077002085265,6.922719288115417,4.008039593122223,50.81706788163734,2.004808577537829,0.0007841590771916819,0.03583716629044187
328.0168030473048,5.721293656474849,1.6207735987255116,6.78687226627043,2.7313082248871154,0.06309217902291635,0.0
403.66593047274733,15.134979558880863,2.330578730500826,29.806227084284913,1.6084500359479694,0.04476734254104184,0.04356659815084712
475.4746143855911,1.6371162599798081,0.15694064554969311,9.852871216945072,2.017723946796885,0.013427485090227554,0.012519318724711966
448.1537235508409,11.827904012555013,0.45498975019333854,20.15587968651354,2.078268882729972,0.09579341210567704,0.019317471293351846
439.4031481990536,15.486715029073121,2.0232184263927557,44.50406756588018,1.9792429057658139,0.052965972394561994,0.03147030402641668
440.49681679742184,17.65854709847324,2.4517002901139056,29.085069632757225,2.2565844327137907,0.02418932941128892,0.05177994142544122
371.89823024395105,7.4995532256022415,3.0401006857845885,23.17740882360039,1.0935836709370157,0.05006035711547076,0.03549474471876218
358.71836885289866,16.603888788768245,1.5291466356755858,24.274100435632082,1.7809094438644766,0.06796203327351079,0.046921363362060486
461.8722310957027,3.1020030021489373,3.5054112420200587,28.107359335953213,0.7605620070208692,0.007623921797356448,0.048126804723831206
462.02267893583615,17.082593542955845,4.314599746227103,47.31597608638636,1.4612783191120313,0.0274703815047892,0.10791680074846913
473.41446371602075,3.4222845843076657,3.9212698455774144,53.63299664747383,1.719167671553161,0.08069654908839936,0.02323497125353083
482.64811051129425,8.548458520646978,0.29413224420695006,57.364746503731766,2.130560648863681,0.045966487040266124,0.035750635054942775
402.26847977218756,16.148611949811517,2.454484041563362,47.42729978906241,2.8763276314655086,0.05465771420322949,0.04091701805131755
400.3032589374399,3.848431119626702,0.6141578742490569,19.60900684913275,2.0016276663708896,0.04328160022094693,0.0
459.65903579335503,5.355776509420188,1.2860205777263847,41.599947659105986,2.3589847904413994,0.004389994264300512,0.04999310712234245
429.992786155553,14.72279879946826,4.934646707009018,26.818584319268123,1.7656651487380068,0.016574977982015595,0.07627645469615987
440.3933754515407,14.680694194375413,0.7982281602174148,16.025566700717018,2.0852600784408284,0.04455416387418909,0.005260189123781905
459.1585338872202,13.18180502482065,2.544551951911645,50.611423186129436,0.6773305403344336,0.020918546540792782,0.08871878731249437
478.00106836351324,14.185020444874901,3.128963098158784,3.2671545887771747,1.1359789521046175,0.004997902865967874,0.023358025654110617
367.59903137030716,11.311764423604327,3.5420783556661095,54.203957535989986,1.4046327330128467,0.08436496640518237,0.041104714707409215
375.1165905279888,5.784182119232103,2.8422785490858793,28.227170412859316,1.681233387516284,0.09811925291641159,0.01756664224830089
318.7963879681738,7.56822387657447,0.14787715235399995,38.594887131688544,0.6141218637559593,0.07931428739967394,0.007072741911449907
415.6560281992348,4.450356619227088,1.6996604103955604,39.90188141014118,0.8500602438832943,0.08537849217046671,0.053035241787222215
307.1884547593484,18.26056066533894,2.636787052585086,53.81194670168565,1.1920357694782644,0.024197713031704537,0.029760162144417887
393.11960362649205,12.084444100556288,0.5305458458096834,38.56351124786523,2.9288317272526267,0.09606269755131998,0.009341607355910211
408.52892694151535,8.616176918509158,1.8180719629249857,37.22208150084364,1.3283675177576268,0.01969257044534284,0.05925532033967955
357.30825042565687,9.778110269238521,0.2626952330776962,4.932470393080708,1.7051026452802063,0.09514298103618324,0.0
418.1666521138022,18.99838345262449,0.4850346360596017,31.58607329476704,0.9902442818459823,0.09948192939659511,0.020025227222677588
306.1000499878099,3.9136766592055237,2.044924053387821,9.859971048205457,2.0269501776894208,0.07117228057460488,0.03675152476473733
307.4696377498429,12.138366808319148,0.7503071948109957,44.50859235456765,1.2017080387899357,0.0981143731791822,0.0
464.5201121319316,10.611884898804854,2.880950156481635,31.221093327947795,1.0174814460960668,0.05695397795671037,0.04001370824306833
372.03812828225256,12.617630473258309,3.4783783487726025,41.13343897329285,1.7914315711149476,0.025954178317609034,0.030318709327131304
325.41210253037696,1.3440934925959698,4.022874825634506,3.4587011355406716,0.513764497901052,0.043699588566562086,0.0
404.44865201096087,17.57035426993888,1.0807361967995694,6.00272894670239,0.5191600816230633,0.0593560935378786,0.0
453.99871061972215,18.710247367188636,0.9206646530694419,43.263079895698255,1.0476720227546443,0.007308156202701499,0.044192922473670446
343.1642054993686,11.73753048819497,0.6123824176385613,5.252975823921728,0.5918034062520529,0.06223432646172461,0.0
424.57809516380007,14.236365653660952,3.21850822276382,5.204146938150258,0.7700643853267284,0.09811778367622946,0.013832022826928341
317.0694929987536,18.52748824236862,3.561731059785816,1.7144000388583596,1.347151623346879,0.019010764978372764,0.01982492507624954
310.33634423372155,14.437534051954573,0.254772109645646,57.43358249966933,2.506464198949532,0.07925951162883833,0.0
406.2709263136296,3.8982418153709655,4.68744000659408,44.51299320808141,1.930121608423252,0.09078987937796194,0.046313992982809624
408.1270243220213,11.94947884316945,0.35465928989221485,21.841833101621784,1.781669314891041,0.09437015928202208,0.014916987093386149
427.4859802996413,12.527585881274263,2.7523520429752453,18.495599295971658,1.233722058020304,0.09601356044054472,0.04886766953447921
445.2182667445323,9.058482754745334,3.5743965453094906,21.632490555005123,2.829384298582041,0.0521459638721472,0.01147210798104557
495.1704158925069,14.992440476869733,4.36774870635582,46.70455833968973,1.4925376030929791,0.09773079079915037,0.07182608420955809
403.2600696602391,18.752973280611283,3.5990259674488967,40.02086605315445,0.7177319169894287,0.0757310207134439,0.04366489576614298
364.5912945882492,18.58580174522875,4.02846760704198,11.92653850418061,2.042666290294503,0.01616714362369619,0.04210405116439185
459.0372389537407,9.56594805667851,1.7633059434597498,11.272450784710976,0.7845959836915035,0.047690010646797,0.02971383602487999
354.16645025241485,3.15152287097435,4.09264305735791,6.805343333090441,1.3630578570042302,0.0718331175372004,0.014914082030815349
387.7942841411272,19.711982780284355,0.49256274728490823,39.95786046237895,1.768529846794522,0.024734031581908334,0.0
315.6912762684532,16.93906364247275,4.484601614696586,46.09798707108242,2.6855563117129395,0.06406151835488874,0.0
305.0701486830915,3.36859094286207,2.7832026431533077,16.63773927117524,1.7338664508502966,0.06666004790466193,0.01273624375539043
492.529682935585,18.495995769730072,4.104759072816219,2.235752700823856,2.2556469150791605,0.01626997438085659,0.0
467.1960241024412,17.528030879180438,2.3163595941396706,5.8481283811092135,2.982042097497676,0.056508531245275634,0.02038875976456877
439.1948412187396,10.85792308539537,3.2535307064629726,58.1037420558568,0.828722799744954,0.07716269109786078,0.03352696882711856
381.79058888285397,12.234233279153656,2.679373038586955,18.431241871167796,1.1868288137987988,0.04988956645359419,0.04833114362162981
334.6588640141692,8.581051373532475,3.6847886566011265,46.384165722449886,1.486440188994116,0.0012103116776107426,0.0016342958241473034
331.2874085342172,2.0404711376185953,0.499986911949889,37.85515056240156,1.5545704463470784,0.0009038469079292177,0.012880748483544039
350.0485796329191,7.368747591272117,0.3957252115537626,23.53443873952086,1.5275526881638644,0.03570293439700122,0.016620888471456076
409.8453329412241,16.254215523362216,1.3108058466497177,13.135548469537751,2.7690275063913874,0.09261940684317821,0.0
442.91918454001245,1.0880084370874543,0.881768932554623,8.161798671404979,2.2850816111671413,0.022867677960360877,0.01299090448453608
432.03947534354626,7.336484262131739,4.371739476301789,37.28576511429313,2.0197630352267595,0.06343636888716872,0.03800929674060353
355.98677938918854,8.565205178227924,1.1741485380544172,46.70339305762949,1.2734317946569553,0.02220758706933206,0.009735434417535061
490.9730561326388,11.210516455820535,4.8817397535137435,38.99035095892671,2.559475960553237,0.03216699896595487,0.031858666315388307
447.5793833391537,18.47725671184245,1.7507893796784237,32.28782586170034,2.887651278712472,0.0848042089601484,0.0
410.87081050228016,7.580573892953264,0.9923777868746265,3.4751221824665395,2.552995706375566,0.07288614422699469,0.009115770190090654
422.3441492468705,7.5921108360283265,3.969522684998148,58.140837878068645,0.5039127629786823,0.009539927731321063,0.05125001265373126
383.920012485558,15.01252371408522,3.3276680999542934,48.1241373076199,2.0910034254585175,0.04287020209864337,0.045784914628419764
349.5461979002315,9.592140876906337,2.5411590106203814,18.276500165356918,0.6278384536052518,0.002916976364526447,0.024292511380222533
371.1945357302523,5.267491635859657,2.821281399594393,58.81824943217219,1.1440180508343047,0.048089014660300904,0.040869298069586696
451.5692220928738,9.596350806521174,3.624088713534093,36.511013788543,0.6488117508694292,0.06624340117010681,0.05583920660919644
302.87869772595116,3.6762833872161975,1.2194282325233639,35.36293683422754,2.0094886323734693,0.011850262359815157,0.0
323.2145281013832,4.351352743618243,4.982036188678036,45.13631758634239,2.216474783731517,0.028888493890916567,0.022551532722909787
309.20052840435056,10.468987682050114,4.876486494519238,48.894417497318116,0.7862190951647627,0.0397836625502157,0.016188929509961796
308.14576046379403,8.95958354058641,3.2865958630999907,39.73223783255866,1.4595972076124486,0.09195310246560498,0.010016112633950093
471.0921168022014,18.382072120293902,1.0777580095528112,8.557649035605802,1.6405912723888552,0.09932550154229641,0.019701176607117944
440.73157187600475,7.88548408321603,3.4331183879133276,20.957782853675404,1.4226325544022915,0.004491129899561586,0.015057607240294809
394.83476581746504,12.031178655282826,0.45377220399796164,55.756934779236936,0.8025625012129827,0.0761007923495392,0.02789898711486287
319.5668321302003,13.013021470471077,0.25019726080844973,14.252321098787263,1.5473694754686886,0.03717240664023432,0.013445630345664225
398.32317502336645,1.2487946751783392,1.3626461537049472,22.957854406413286,2.3779451195210455,0.03924581862294801,0.0
394.69435415611315,13.607210068317501,2.36685248802265,26.492536093707564,0.6775191613331386,0.07542649733470227,0.03638487184351475
334.64037398200304,4.382683370525277,4.354535276501065,26.92489439197268,0.7004500352047587,0.09184264321454087,0.00883582683724669
386.7703298475946,19.260336031919646,3.6631284418549095,37.16343536717701,1.3869282295899605,0.09509285945025485,0.03669095695006909
379.7009468794747,3.8245918273091464,3.7392619538799075,56.64147442693775,2.854314279047313,0.057712258603832084,0.019590917743006822
423.1700196104433,8.877858350813451,2.1849173387955694,15.200869998117792,2.1714316168072854,0.03571211593005028,0.049776156939335583
427.01873017352875,2.6216436934942333,1.7950814634801184,8.168581201754165,2.196674891681412,0.07875490858587793,0.025113197491025644
309.06080195440893,19.940610785072998,1.9180899386245533,12.650758901736301,1.4047999770946624,0.025100138326230027,0.0
374.92252292529423,10.54170519629361,4.939482862306684,53.3285691123469,1.9841519780213461,0.056407402883351776,0.047471731087901196
425.1719831428473,12.312315329080832,0.2965350379211642,39.102837946657154,0.5253279600693584,0.03585784615248732,0.03978022287025609
400.62725171601755,2.274453070380122,4.348454330999998,17.86850056511045,2.0902401160238555,0.06566310737078761,0.015194956777933807
471.29796823766446,15.249248937584378,2.935509502004728,49.14086939914842,2.783217368940592,0.02403989128935069,0.07684556894394588
431.738726323789,4.988206268816129,2.2492155540289933,51.820829785442726,2.031433670862048,0.019159294573482578,0.06991034260260251
332.58688541628595,18.06303149937356,3.653762536034169,50.944345982726404,2.684246483665863,0.09182390866754371,0.03396395709090466
314.11374948008597,4.897653169158136,2.4846778129810443,55.21666548473371,2.3099326386652344,0.01018036829495369,0.010312412658083034
428.4838556412631,4.623066692609665,4.379773866600137,15.882220190228333,0.8013960410092256,0.05059579077349317,0.04545311920196431
305.3022621083244,1.6944436891138026,4.513439133655167,45.54747379603042,2.7561332682146045,0.022085278296300893,0.0036503329328299115
417.15511625469264,9.969271957089985,2.1664325416799315,28.17183033917426,0.6661096108894372,0.003892996332566745,0.06204849437156148
488.0460482849915,11.731981531989712,1.4564562064517528,50.67791462051363,1.8349186813694094,0.0036018818291426394,0.04653158813770599
415.0948355751758,2.248464149138695,3.002516610107475,43.98094995253518,0.8553428094836442,0.017522177210582735,0.054075404030233615
377.6339852413044,15.735024717205201,4.570580393521786,46.81039934348375,0.5292665268272602,0.08667703545060003,0.03761431613597723
428.6576436884706,9.612487860212525,1.1322447261277664,39.71354842318322,1.5550856503190975,0.02824787439770267,0.06096831462263101
391.6505780983033,10.96341511722402,3.152536259461066,11.468297398712705,1.2376017691353907,0.09504591705752957,0.026681108648320052
409.123357863187,9.374492191826334,3.194645078453351,33.15658821491936,1.7150012344940075,0.05816222929891936,0.008209251670376724
488.29296175530504,8.614498156631194,3.692253809834877,59.09551463194598,1.942999716836377,0.043661418976876615,0.061532818591886
377.22052756015484,11.63316629485614,0.744681657123573,56.30589592333001,0.6093476807723683,0.058008883466945466,0.0
492.23811276478284,3.949564672683538,3.607542326942234,3.5472504120236885,0.8075082378093641,0.05166983852262678,0.019799860692741204
481.07012839121273,4.456634479410152,4.554259351261641,10.72407412803679,1.8966059911260633,0.07587762537573252,0.029799206110678343
339.1582269578593,17.37392679925683,0.9804472334641857,8.771997633819153,1.3579183829316457,0.028249606597285228,0.0
313.8722601750331,18.97619378053902,1.2639622921270006,43.832814689132434,2.32293371887362,0.03530503916003024,0.008702549185362502
320.1556002754853,8.092877009315306,4.859835960804034,49.24933446155976,2.130729121479849,0.08940943025332508,0.04652113385256847
303.64436513030995,6.144148789727522,0.9867870682765,13.597170612329643,2.614010907474767,0.09464565131504055,0.0
318.88859215118566,13.235991321541299,4.286486957510938,30.845308884157912,2.2312320666730634,0.08925582274864746,0.0
436.6013546832714,8.765949250863832,2.5121614965953705,50.6014786526608,1.5748276934753704,0.04194479939573136,0.07734570685219519
314.2377296920458,1.4823407575465524,1.3114322645755676,44.23529114120878,2.182416555986081,0.07803655030068818,0.0400798981453806
363.79512605875226,3.966899349957617,4.366674516235306,32.99199512401905,1.1884529356385463,0.04763357333010988,0.018780926812002354
468.9750621938909,14.603472348100553,2.281995749513061,35.8305137370676,1.2657837469455318,0.04975398521461022,0.08305509045142002
304.65438714716515,13.519554896292876,2.622605034255482,30.99327226806052,2.4724628998019833,0.020468010905728397,0.029541234076367565
462.89369651778713,1.5148238575661863,1.860243510058852,18.555358627810413,1.6160487910039554,0.05911303032585165,0.0
356.37095495468,5.2174710767260395,3.0054591720311445,34.33629757868195,2.4959508512958815,0.018613589775334793,0.005703546317827022
323.63296552433127,5.390421135173357,0.9012669756666116,41.64423282095535,2.556055934170696,0.03315646990671938,0.02807946513251145
439.34743307283014,13.76596212837584,2.0162995295936277,52.52605203578765,2.6439058441532093,0.08550302016199351,0.06207489323275686
425.7885693559768,1.374500217332919,4.8501203794429095,38.54118988477563,2.7915880896030183,0.020707580921085524,0.019457403017945272
475.4944027054106,2.978063057706903,1.3648538202355252,45.90617068554632,1.5774630512832406,0.007115828517343281,0.0018331271808013985
447.01420876077714,16.198405622090597,3.318009656252332,10.444226462319806,1.297167045802847,0.006900759261281631,0.08366966507605433
460.6961860769697,4.392348579032339,1.693431314701005,28.231890990767603,1.9554968664852845,0.09407845205031079,0.0016469333017871245
356.4069145142613,13.40217604918562,3.8900183158643435,1.5505655697985046,1.427931058594069,0.050692043796183466,0.0
335.48790875594455,5.525472839887804,0.7412809375199142,15.554053006775758,2.0026854170005826,0.040941207181701834,0.009821365237246823
450.12295032817167,2.889386462427558,4.85212312088487,43.86124119166728,2.2639646566095615,0.08108785810079185,0.045388120945275515
461.3669478534528,5.620271628989627,2.3235687527798325,59.516787129612446,2.2210125462303423,0.08358259279105161,0.039440143508605904
498.1010284001347,14.723071705257524,1.2566472703976734,6.851507875645739,1.4363822175503034,0.033219103311560465,0.024929032659257166
382.5235353822853,17.25823289401943,0.4601340619170621,24.68816463581601,0.917150504246882,0.06936180574737953,0.019951635128133492
374.40361715855664,16.77417742677284,0.9318137349289497,48.20418715325041,1.5763233461555188,0.07711228158518867,0.019281642908868656
455.2825921483994,8.546487062750641,2.646892347924487,13.038102443105032,0.8564853602047718,0.06546506868659545,0.03971402657212088
368.16070805060355,13.693617594842276,1.751315564513303,33.75001200883489,2.725242587959521,0.015159507480009937,0.0
486.15146512071294,4.894701612900598,4.161528492824787,44.25120646575081,1.3646936518446435,0.08758830835170571,0.024258811841731336
471.68255036860234,6.5698068749592515,2.211348865942849,37.343141565350564,0.8861493680583095,0.05390945527360087,0.04854364180504179
385.7988054750037,18.030380551901274,1.3186999356793867,12.093459342309552,0.5636193997643772,0.02824724263700037,0.003913396418836923
450.17421355829947,1.2470365467039848,3.1240104343597475,21.967689552458626,2.1145559657162107,0.042522818543769395,0.014219924867308614
450.9085748169365,2.6246620862348937,3.563208362738685,47.243715284638434,2.092255793636858,0.003757109039890738,0.01846319714789162
320.6247737671865,4.949838847774519,0.9185053487146544,33.69936433378898,1.3515104164532292,0.012786680122241757,0.03966501352696442
480.51058133591334,1.5041118736025747,0.9213341598127566,1.3085471990318513,0.6792797221191276,0.07655467505158609,0.03193024364654523
401.05047448957146,4.447273266706149,0.27968999197436056,45.89845484165754,1.5240722372380802,1.1634755366141115e-06,0.0
465.2914932215483,12.077789658424152,3.708369873821639,3.083369941474105,1.278043737658484,0.04165658284822922,0.008945512054864073
364.00992020612233,9.00706646125746,3.3526421853468453,44.9982931811427,2.1928015993375234,0.052251018108558846,0.0235023307913838
479.1046456992401,17.960762510462523,2.425691291174088,12.946353049749007,2.014448123631726,0.00546344200009723,0.0323221922368504
377.84033574683264,16.53142767303038,4.236435199949066,57.526335327043434,1.4114843204938499,0.09730781629723328,0.04247893379252346
302.1675302960597,7.494529682259643,4.04778374945526,22.708504326822982,1.0447313856374754,0.022612533124967193,0.0
481.0763952838527,5.9290452351945575,2.9682363855440856,20.288965363946666,2.9700899153889795,0.030419871963628088,0.0
318.25733535722674,8.214155755178071,4.3545292745149675,9.784394969614237,1.6350040529902872,0.030394251225502735,0.017654246528923306
363.862727518083,12.215603907781347,1.1086219291801644,19.030648713922677,2.220685589450593,0.023041666211734993,0.02562273167382654
490.012393410161,6.093209175634649,0.6484061350488667,52.72239494786383,0.8513824189459019,0.0001473822086311416,0.00938854534178234
490.1214293875112,12.858829249133546,1.4217730964332493,59.78372592000759,1.7139742491484946,0.07293447940879964,0.05636649291069573
414.6875776246572,8.778821391633569,0.3797255948376428,22.73026229990405,0.5688417996736637,0.09668454997992854,0.0
426.36744243395987,11.488896436187625,2.702730687205057,27.46802722631801,1.7636377947761248,0.022429348328504507,0.05240101815221325
389.68910439566395,9.286404053571017,4.689367892245311,43.60218535396149,2.910043517794256,0.06630471918034224,0.0401202168899229
358.6421543396129,6.594849431296436,0.29278334927569727,53.2855510474394,1.4605167824645005,0.07418963269587152,0.002687977078781382
365.7329090739832,19.020612832280978,0.6983385786491314,35.989615717020264,0.597490031437279,0.08484253790905248,0.025345779444396695
434.5036912154077,15.508510089035456,2.315775238588833,24.100016192491932,0.5773894772983588,0.04226291970136092,0.055005143627012865
450.474905887536,3.6621503395625985,4.675987585886735,25.3446886100688,1.4699668998671738,0.030293090564042925,0.022302960415427942
458.3158087451697,17.500891542060344,1.6491649143860776,42.041470643311605,0.9000623411579851,0.03252951340230311,0.06855496020277323
457.92362855891076,10.26119276674076,2.585450562573123,1.189877552652442,0.5583802408204648,0.07126213330985129,0.0
318.2412206097381,17.996492310987737,0.3037070093469213,37.5557709101306,2.3905340348754422,0.0816779466505636,0.0
398.8840609405163,16.19724986299899,0.8268816847142355,21.974087616040087,1.6463075222047268,0.018161396775660265,0.0
311.51175200332887,9.079056584915435,4.93448760249835,47.85764254534797,1.2231119299316364,0.03709410081577652,0.0
409.90577646474713,1.4269168580822305,4.829081612536624,6.486447749564798,2.750207957541202,0.09019401967491501,0.0
388.30610027467543,6.1048698283139755,0.12420590657860713,35.70393374995504,0.790347400501314,0.08066935196947393,0.0
477.54083655165994,11.291050078556472,4.763877748573871,29.3774005032813,2.889797072388298,0.09848584027624759,0.01988830912562305
370.18300251041575,13.036086176696799,3.231687695295952,38.89720602840842,1.284916793443382,0.07542482596820808,0.034187133972347974
323.41340328552116,5.899866023230843,4.352799643148109,4.826362074495132,2.721009180771703,0.03931952010279223,0.011480446045237394
328.5983364105672,3.6477654073836585,2.32822529260591,35.21904345825975,2.007357191198654,0.059063783399463776,0.023095955220977717
452.3021263434944,16.863674499186683,2.6264205400383265,34.1275906896119,2.5667683993537187,0.06610142542473203,0.025516084254757803
423.6436126632522,19.70364143336749,2.495348243258909,34.07894557055408,2.960032908026161,0.007845581631712395,0.02143616242489819
320.22453522455805,10.98811346375103,3.3676348619759113,36.605772329190835,1.2210135945468643,0.05444969591038651,0.0
316.8213612229995,4.261906431117766,0.7842911483059333,40.91160829635537,2.9028387135189826,0.07093208284726096,0.0
440.193826291824,6.17383920386801,0.246870590376122,48.49435098116542,1.473704737256051,0.01673213040010604,0.0
314.55260127283873,1.349422854401868,1.6088567137968357,16.919422487564646,1.4637797618423058,0.07806317174255573,0.0
464.37201185807123,18.371677324649482,3.552935737409569,49.67791520062366,1.3509677606362642,0.058377278051411165,0.05357103159453984
441.2484454312992,3.2372705749126816,1.0890819154024471,30.397085253543764,1.853519018368963,0.09522217856975947,0.0
316.26975612838,11.953813034770818,3.399818923292095,5.546438468925539,0.8853626079462178,0.0042422298206891695,0.008814290038165437
316.9675428170384,6.207049193056914,4.852569025925625,4.454504825394773,1.884278713395028,0.026532613755546698,0.01387027819960631
497.3279157002351,11.529382047800075,0.5601135073681501,20.720060803067586,1.85426203102501,0.06015538792998241,0.000581374857981258
374.85415915122405,13.37698737868542,3.395750379303119,47.30892164957658,2.404754531512175,0.02965599122059307,0.029488692453292404
374.12842941337817,16.76509427043683,2.2743760745923987,42.75317514971403,2.584124904843964,0.07144241640712422,0.006350735572310497
462.5599134515005,4.922004163451461,4.353897046449776,47.52828291567198,1.6011033757810602,0.07590052825219311,0.02950387475012748
489.44971547677176,1.2089207445111292,0.968033968292191,31.518874330054953,1.2558331233787343,0.010251596406647447,0.0
497.2002127645742,3.600826971307338,3.4938671659082066,26.971740879373943,1.1483372432927361,0.05138544642067677,0.039033142478340596
450.6756370517883,18.100354195113997,4.206764919275741,9.699699075670752,0.9865595917621799,0.05088905555910559,0.0033742210500828096
375.25191710618316,17.60391147368779,4.728609675422714,20.363372462949382,0.6441189554975622,0.03692807702155411,0.04703566617082052
316.70014333973376,12.350848941235858,3.4479153386192647,26.60714260425864,1.3561199470867833,0.09329248625696722,0.013690503170362337
455.4293831854874,12.409820348239414,2.536156343641294,6.227425351097416,1.1756192303269581,0.08275063198732213,0.018889872707806843
411.680849947161,13.635696816378854,3.1274514769859483,14.016105209961465,2.9160434646660183,0.06972093819096369,0.07094231532318325
384.84440184939524,4.332054293845542,4.357634423945719,36.29529234976059,1.8942720656251097,0.07143266357349976,0.023823191571819557
481.2708770189472,18.373826972574236,2.8959877585302656,44.4041237401122,1.368192597576269,0.04617161438131191,0.06202930118040689
322.23949646123026,8.95663997294939,0.24889659251450064,59.902503172184026,1.95116900248424,0.09209945210965759,0.0
398.52502085817184,8.279632036740452,4.6616486079841915,56.053686549269905,0.8479917533642387,0.06945954272532855,0.012479420000982601
302.2707289534838,10.859436400373912,3.47868108005465,38.9113467725763,1.6101093730055074,0.07289810616558165,0.0
393.73212839882524,1.8923533687260459,3.414915590308508,25.85363514435025,2.0655858035526595,0.08616909037873453,0.0
311.26065513636746,4.159384006365508,1.1568082467488143,38.53446451778573,1.7222445794811285,0.027407158934219102,0.02066218566120385
323.7635832536144,15.022638712101038,3.3285388041400203,47.35344546673369,1.5044470016358107,0.0807070903866703,0.004040642972458637
323.505249355421,2.573174690577403,2.029935587705377,7.981835264479852,2.9846209722492456,0.019524060295649206,0.0
429.84206042321273,12.459890079861376,3.291041587503311,25.184388492081005,2.7007869053723175,0.034534195224488785,0.022019734176299027
449.20897585308467,5.661633083945098,0.6223058485091546,50.54833485250141,2.0585148953986003,0.03356104542698427,0.0464614204539307
416.6737530194319,8.396616666797554,3.323441992554877,23.646144164049595,1.9234434029557068,0.09785254683891406,0.013945722996073537
492.4345096949084,6.485180998643298,4.997127256276267,34.740464002404,2.0516511995614604,0.08565372237479268,0.06532563968829212
374.9741159047408,7.757781612834034,0.33623899041672456,35.678392290869695,1.0032802695560832,0.07011698615902598,0.021784004463850776
357.14241725637214,14.661872198500664,4.888153502684455,11.884098934884722,1.4878443581607965,0.07270567616153902,0.026822379112006675
473.71982563789203,6.645312596840325,2.093849007542066,22.371891057485016,0.5986488322272483,0.05620727944025711,0.04451774845050925
344.71916770389055,11.761688165641047,4.36669190665257,20.736166035773998,1.6888650937170666,0.09470906671085191,0.021989162305316425
492.64450788812223,10.044957641782894,3.9336888718855403,2.545605803391823,1.8575614598941579,0.04962587528823616,0.0
302.4308949379633,13.609752141890315,2.8783796788346723,2.4273140695899595,1.069374340258024,0.038051770986989454,0.0
493.9757653415278,18.799765047170403,3.7184011253315004,50.07012557687064,2.9100721179137845,0.0163035336931591,0.08319577306800556
308.63198239011524,14.918869846994756,4.404726250376605,17.11117778839593,2.773636527343105,0.0786205652261058,0.00161959961747995
478.2286227396142,5.083867193224378,2.0802875760900617,31.56664720809011,2.305358088639765,0.07344439320755915,0.0
405.54022181726,1.5924795661644087,1.7024624916598696,18.62480884173761,1.8334665719134065,0.03843550385241349,0.004242847644443784
498.5929592238601,5.983016841696677,3.3712075892615654,56.50007546180509,2.6749228991192124,0.0025193413959229364,0.07551304124786584
314.75931294707976,12.306480683304843,4.058445115512168,16.298508773080652,0.8266308595586573,0.08389973277180107,0.03185202977996824
410.77085688026415,1.9770904562007567,3.8351971604054174,26.34975195159717,2.4762744856872123,0.0011417983454073634,0.009767530548178222
493.8605071238198,10.43095869682349,4.009286879407309,52.49108477859151,0.8120520349171207,0.0703699779629051,0.09259179061152398
404.6195688340298,12.340014129420895,2.234358242583372,50.67408044071671,2.4855266563735134,0.0970257109726057,0.015704091650488364
425.8797276270525,7.3506339255222555,4.107387659257606,11.979983652930361,1.1894189206283925,0.04376613281482035,0.0
439.14973779692343,15.647331871170616,0.6890243713159814,48.35595527794691,2.692726452545472,0.023497340499595277,0.000869784891515242
390.90821295355465,3.0253668095416644,2.767996580008163,28.033026317535665,2.8601052345634947,0.07048710100433818,0.039016753797214664
425.5116160168127,2.4276178529803665,0.1282174364407957,29.495163453035957,0.871989923512789,0.08171281420155851,0.0
416.86286238462003,14.835586367868464,1.6904705665113247,8.875318372540683,1.6566890126634837,0.054643031607784734,0.011637513846795369
480.2316020981978,10.41433500791777,1.8956615208698497,5.755489311670354,2.952468445406713,0.09670352752561462,0.0
309.08927606829155,14.079645532126985,2.0412461888853515,43.94841911145215,1.7085185899328665,0.005166872165796111,0.04551176927413936
356.19263791844605,9.261719433471178,3.507789312780325,30.291207988962686,2.658868806286363,0.05047955983045282,0.05015280730344688
490.08229681531174,5.681638631543029,2.0039346962246944,26.774191454295593,1.9718288053282995,0.07184539473225501,0.06503617599226535
478.05275677818327,16.562944035809796,2.2985987508504,44.04098549049141,1.4383247697990047,0.0862640471149179,0.04849006311883407
391.1313505571426,16.188901700410607,1.2639662412842048,46.16526104047548,1.2144588888146755,0.017925561190779007,0.04992685329925225
424.02651956030735,14.199232946234108,1.9289337789837666,10.37558189249186,1.0080577277152183,0.08000034817636814,0.0
355.47623659622656,6.170757607369291,1.2136211735894422,37.00328381918084,2.404495478444243,0.05527070757185453,0.03826015122144563
337.62423194475224,12.214382670512656,0.45866002646537385,8.985890854383445,1.4663512670575698,0.03965536819899632,0.0
392.73968098799645,7.858504041860509,3.056898107568752,45.331130075713695,1.7781886555018778,0.013171502857909356,0.045912316907851455
370.67044560521055,2.7400593932060486,3.37424271291958,39.76035421976123,1.7308137000029549,0.08652957589089125,0.0
416.7312223701744,18.428957933782613,3.1355026954471112,57.44026264392402,1.9431975730828281,0.015727320817971537,0.06072953171890422
315.54692739299696,3.5995539874602667,2.3711208146228047,5.0685229650288495,2.6639428640613807,0.030978785920909926,0.0
494.8789615332333,19.054509722595245,1.9609503228782261,4.366228547924004,2.9518483589585736,0.02900455319624369,0.0
497.2421488959206,9.474109686201158,4.330334882901944,17.64903740689881,1.5189605214345423,0.08714140341908544,0.01992516430805441
