X1_strong,X2_moderate,X3_weak,noise_0,noise_1,noise_2,noise_3,noise_4,noise_5,noise_6,y
3.745401188473625,3.2101582307714387,0.10312386883593261,-0.5302576183724408,-0.7928728322623442,-0.10703035995455783,-1.035242322419374,-0.553649305347182,-1.1978778925888485,1.9647251329163893,18.104167482081955
9.50714306409916,0.42069982497524416,0.9025529066795667,0.03526355197172861,-0.6997255079925854,0.21397991073422196,-0.11232804969082963,-0.2209695995332226,0.6141667000434252,0.7575077100473051,28.262514964946842
7.319939418114051,0.8081435704730688,0.5052523724478571,-0.5305011476105275,-0.57581824064468,-0.275051697151644,-2.301921164735585,-1.515191062198552,1.3668742674445244,1.6449677135012837,26.20959039640434
5.986584841970366,4.492770942635397,0.8264574661077416,-0.24903603955637832,0.5765569630557664,0.3112501545435361,3.0788808084552377,1.1195749114345768,-0.12791759148076653,-0.9555404406004258,24.612046643720156
1.5601864044243652,3.0321452982979498,0.32004960103061175,-1.6064463202575725,0.2034636358672231,-0.7563507452843033,-1.4222537095976742,-0.6465728842425267,-1.0815480036143952,1.6871416350725648,9.96618921979504
1.5599452033620265,0.04598525808314824,0.8955232284962005,0.8816397569494505,-0.007972641316617375,1.4799441388900263,0.0773683076476183,-0.8612842013282637,1.5231240772696573,0.5389100436846587,5.717218789001343
0.5808361216819946,0.5073577143301605,0.3892016787341631,-1.0372461543264564,-0.1903386780836082,-0.8756182533847574,-1.3827997309643363,0.9261775475316414,1.9094166404701305,-1.3985675738191412,2.429528292967211
8.661761457749352,3.317508845540279,0.01083765148029836,0.5629692366905709,-0.6506425691218272,-0.4871253837646962,-0.5923939242388692,-0.863990769679816,0.04852162794482699,-0.8309501164110378,32.58858301361819
6.011150117432088,0.025307919231093434,0.9053819764192637,0.2704568257798388,-0.05023810944913695,-0.23894804686640975,-0.9075636620415979,-0.5767713305683327,0.755391225825756,0.5009171876243808,20.111080660456963
7.080725777960454,0.8040402570874933,0.09128667678613356,-0.977555244798551,0.09933230542922587,0.751387123371789,-1.6694052811213718,0.543360192379935,-0.6626237589458467,0.5705986685931593,18.99681711142931
0.20584494295802447,2.7436689468329307,0.31931363759041487,-0.7632591565425169,-1.804882100664519,-1.6275424378831627,0.048084946661381994,0.25972250172148187,-0.9043166251044086,0.6385924587773739,7.501375553674983
9.699098521619943,3.459475988463466,0.9500619670508049,-1.6615200622689599,-0.06607979864731657,-1.2110161997624564,-0.6518361078021592,0.047398671316414016,-0.8604133652839524,-0.38455554422982535,31.43655655500908
8.324426408004218,3.259806297513003,0.9506071469375561,1.0062928092144405,-0.5768918695231487,0.8356921120651418,-1.129706854657618,0.5298041779152828,1.4415686206579004,-2.4716445001272893,32.40338465243425
2.1233911067827616,1.121346547302799,0.5734378881232861,-0.7968952554704768,0.57707212718054,-0.2030453860429927,0.37114587337130883,-0.6039851867158206,0.08658978747289992,-0.15567723539207948,10.592322359019294
1.8182496720710062,3.560896106737679,0.6318372121697993,1.1677820616598074,0.2544208433012131,0.3376026620752022,-0.4118769661224674,-0.48760622407249354,-0.4325581878196209,0.39445214237829684,8.93007892197404
1.8340450985343382,1.1862454374840004,0.44844552197831977,-0.42098448082026296,0.28977485689641286,2.0754007986454384,0.8711247034316923,-0.32602353216784113,1.2012139221639448,-0.4080753730215514,6.684097636909006
3.0424224295953772,1.6269984907963386,0.29321077169806453,-2.038124535177854,-1.008086310917404,-1.8707919210258557,-0.35151348404130867,0.0184183791895517,1.6764373122752827,0.32692737376416264,9.5029610738578
5.247564316322379,3.732457025590121,0.32866454536991596,-0.21910052880886424,0.8294055811834892,-2.211135309007885,0.23561455810856594,0.7708651938869668,-1.4785862457798415,1.143754043206929,21.075868699459804
4.319450186421157,3.2481644952360735,0.6725184560770384,0.3384964074944141,-0.4152879139008013,0.6327818661062848,2.270692857804396,0.18186625505849516,0.24822058630033608,-0.4593608995402441,17.550787961784618
2.9122914019804194,4.24611705247089,0.75237452943768,-0.8498443694647918,0.8303358165442456,-0.8560838259088672,0.07156623721939247,-0.4776574467651167,0.47897982574639203,0.33366210528694845,17.041558113905115
6.118528947223795,3.2880644615017167,0.7915790437258485,1.0375399442578994,-0.5100163988547471,-0.26987493529337125,-0.9787637157823074,-0.44429326007611136,0.37730049304485197,0.7569886166453519,26.304090548026103
1.3949386065204183,2.841543016677358,0.7896181427945539,-0.9221653241776254,0.8696059201056602,1.355637858804951,0.41343490322370086,1.876795812558066,-0.773789199103573,-1.244654703311417,11.63330703755448
2.9214464853521815,0.4683738391404624,0.09120610304869037,-1.7787202489042786,1.496044311489183,0.6543656563540577,-0.05558467091045507,0.2799686263198203,-1.1254890472983765,2.4457519796168263,8.388167213134981
3.663618432936917,1.8385790152971677,0.49442030470258147,0.1292211819752275,0.10939479460489293,0.7257666238986923,0.4810092317367132,0.22388402427913137,-0.7904744554453119,0.4714683571359957,13.577490226618739
4.56069984217036,1.3260118384086272,0.057558760016644284,1.8820244964750337,1.3454200461549777,1.5931866266393973,-0.5112156764311853,-0.9896048202585809,-0.12578692009964815,0.055724912288694604,12.333020279690441
7.851759613930136,1.2199482168954179,0.5495288823237355,1.0941915184709485,-1.6924646297148194,1.5295503194606137,-0.15800789857898942,-0.42688106994742003,-1.0121043752601677,-1.6548566718657698,24.048225475303028
1.9967378215835974,4.865052773762228,0.441530501373377,0.8231705839619146,0.07331796718840389,-1.2899608997410539,-1.295078772063616,-0.3357846992901282,1.669021525289393,-0.2595913513636048,15.438261142275739
5.142344384136116,1.965488623333802,0.8877041827582998,-1.5031429531181062,-0.24574306408594407,-0.2727235697476702,-2.6968866429415717,-0.05429486651781221,-0.23093453020867796,0.6962063648134184,22.050283825884666
5.924145688620425,4.460232775885567,0.3509150125520787,1.8489560949453452,1.1265650295477574,-0.2688886905548305,-1.1065259087416701,2.5733598032498604,0.05921843401448826,0.013929291912946203,22.169545992205823
0.46450412719997725,3.1556931299863145,0.11706701642760586,-0.024125087110003277,0.19808476076785533,-0.14436041192394275,-0.5736620068802363,-0.5468589412403921,-0.03275327021599839,-0.543424771133765,5.000657066487418
6.075448519014383,3.974056517708242,0.14299168205283586,-0.7128457826771644,0.10643022769189683,-0.2549772174208552,1.5039929885826884,-2.650969808393012,1.0915068519224618,1.246085192497629,24.20611466071408
1.7052412368729153,2.5131854655259604,0.7615106317174722,-2.0733902324081495,-0.34268759408034877,-0.37144086599579146,-1.4075116947178212,-0.7778166875908753,-1.1105758454658288,1.7522704434236227,9.826579542405634
0.6505159298527952,2.8845194231317954,0.6182180633162611,0.9356783931474612,1.2715550949941588,0.7216720640432349,-1.129051771217229,-0.5245202662797737,0.48937456122791806,-1.2221278088919454,4.968228916070917
9.488855372533333,2.4625884690943196,0.10112267612279024,0.7129984301723881,-0.24032539815813486,-0.37482080754959723,0.7109599682034917,0.4442633114860399,-0.3609661658190799,1.159329803364248,33.05913224823105
9.656320330745594,0.9762149389902225,0.08410680611499743,-1.0810633275998973,0.6159356069442637,0.5931012579683838,-0.3095464393139903,0.326133022242118,-1.2511135763853032,0.924027019206901,29.52765810963778
8.08397348116461,3.6122605763075266,0.70096913145912,-0.18490213644298903,-0.5227230205190395,1.0490092258368893,-0.7043436905427592,-1.4084612963635597,-1.5566291735239037,0.6060099513456396,29.991891331928123
3.0461376917337066,1.403861812204279,0.07276300636419353,-1.280429352496283,1.7547941819843647,-2.081929407883722,1.6964563682900382,0.2110174672026184,-0.09671311187039239,-0.5449190868089495,12.373155792697034
0.9767211400638387,0.1215798321572692,0.8218600592903562,0.39913611435207075,-0.03763470242484838,1.103301882016522,0.11422764866203965,0.1503017614618776,-0.36361221221385587,-0.056945623721067457,3.5363077376944734
6.842330265121569,3.227361479535839,0.7062422271564962,0.3078017688920592,-1.7101683926566253,-1.348185422105713,0.743264094022715,0.17086543812794186,-0.18398333635267913,0.01843393306539316,24.848382347193574
4.4015249373960135,0.8855533970352447,0.08134878064189976,0.34758170536167105,-0.5397596803093615,-0.7783047254023127,0.19584525509768155,-0.978372777615032,0.40825275571447184,-1.7025836042378404,14.354359690210195
1.2203823484477883,4.702292921764571,0.08483771408519192,1.0291556373256436,0.472597482413043,0.25602973431387566,0.9826909839455139,1.6654744444625766,1.0143700650181304,-1.8408742313316453,10.580279366622147
4.951769101112702,4.769642885012937,0.9866395785011755,-1.2795769667357015,-0.6248185776956788,0.026091050210833786,0.517659020469123,-0.7257438131534656,0.18676676447707832,-0.7553829323533225,21.76306936034384
0.34388521115218396,4.574321951102243,0.3742707957561203,-0.6115178029919482,-1.4066610968482223,-0.9232332461109043,-1.3516846056163336,-0.9758732529773327,1.0536417966078395,-0.949398888831943,7.562681832653772
9.093204020787821,1.8507935012772219,0.3706421470668909,2.632382064837391,0.4933179008808892,0.1848361236948739,-0.8583577801812133,0.7003098794089911,-0.5756378262377739,0.12200981464536144,33.438417728822174
2.587799816000169,0.07728308264433714,0.8127995672575026,2.5600845382687947,-0.09605989972464987,1.1492733262856758,-0.7031764251258874,-0.0349884904969617,1.77080063563551,-0.6269670577877674,9.407562751478242
6.62522284353982,4.641592812938627,0.9472485773838587,1.8124485579969287,0.7077519354554754,-0.5624667758942676,0.6324077390555208,0.9725544496267297,0.6218099622171964,-1.5702247198904564,26.720721402661013
3.1171107608941098,2.1409207415865716,0.9860010638228709,-0.7271371758248686,-0.24751863555150475,-0.07443342910004629,0.620672097550678,0.17770100093325383,-1.3353443587101013,0.3801978510059632,14.449622735995094
5.200680211778108,4.833274095218348,0.7533781852589416,0.6105857452838231,0.5597904479310398,1.0807807255546218,0.8339221545489041,0.4591800792284367,-0.070165711458647,-1.660960933515991,22.561001891279297
5.4671027934327965,4.818099885446264,0.37625958553091576,0.42961821913258585,0.20768768716311115,0.2715788371953735,-1.2767485758203097,-1.0810565404082624,1.0531528533329035,-0.03955515385665504,26.162837276406524
1.8485445552552704,4.265047277336801,0.08350071669866876,0.6815006973726244,0.02831837613045931,0.029756139495743236,0.9382838059759977,-0.5160447282173739,0.09612077694098344,-0.46227528870504275,12.724239324516534
9.695846277645586,1.4722444603479286,0.7771469159274368,-0.4344962274323156,-0.30917212346863937,0.22213377163371276,-0.4787486216634771,1.2557561255735208,-0.8946073022195039,-0.18687164416135904,31.46987469341391
7.7513282336111455,1.9254886430096263,0.558404249735805,-0.4397310582741749,1.4469778843537329,0.19655477651157463,1.0318445394686349,-1.485560373036972,0.26705026586925884,0.889630795623437,27.316853641836335
9.394989415641891,4.255683357584284,0.4242220092469763,0.08228398927542419,1.0654803750653512,-0.5172884501003722,1.40934744018558,2.2988981236192503,-0.36283856043965906,-0.4455025214007718,31.63885198378859
8.948273504276488,1.5846100257813882,0.906354385094736,1.453384477117701,1.5795721457307124,-0.5228600271532683,-0.42018681709585753,-0.2817846088605074,-1.344450511034277,-0.9186519464841982,27.4213778062293
5.978999788110851,0.8474637334304624,0.11119748230615134,-1.0041407667520679,-0.7677975651041284,-0.034684887386781105,0.23421473253652023,1.5505004928140769,-0.998354040738791,0.9843223984765838,16.87594369283321
9.218742350231167,2.784006312291751,0.49262510429085915,-0.21398884422550896,-0.049463709652432936,0.6748194921666035,-1.1227220215622986,0.3824097461840506,0.16645220821305598,0.4924512640081488,32.36443526080397
0.884925020519195,4.680773870803905,0.011353644767419069,0.2891686439078181,2.4553001399108942,-0.637739984251316,-0.5309969550018176,-0.6231405264247644,-0.5554771191602547,-0.6373871273065177,13.146642689117336
1.959828624191452,3.480148983374865,0.46866064199412627,1.1890165311075518,1.4205042479898549,-0.5707462937494763,-0.8323555731042287,0.4714155563864041,-0.5522230442809716,0.6329318177555111,15.796639961018982
0.45227288910538066,2.8503058504468246,0.05630327568183735,0.2029230208512997,-1.515744114997232,1.5475052013300616,1.7958776730955217,-0.612788690484386,-0.38770155993598404,0.28586539072490513,6.936531283708812
3.2533033076326436,0.4858824688538427,0.11881791626807192,0.33445678998702516,0.6585442726728304,2.0102045387663496,-0.1769472274940494,-0.7982972445384537,-1.3793192280145272,-0.7309300399419191,11.549831534201644
3.8867728968948203,3.075036133495849,0.11752624677710488,-0.033126972873797095,1.7945578635177877,-0.5176112990361714,0.2237879516388985,-0.016422896072752075,1.188393273448084,2.5269324258736217,12.729520546011308
2.713490317738959,4.950269250521316,0.6492103021160636,-0.5308687729203206,-0.48943944251822213,1.044160877069072,0.6818914896263114,1.8467073257360336,0.5839281853259639,-0.35929209078705954,14.805132380588839
8.287375091519294,0.7004200761826201,0.7460448792654233,0.5906548306923093,1.1087035805829077,0.8204821811973643,0.5072740311072979,1.066674689589154,1.1692955904456728,1.3821589910375272,24.710210324648045
3.567533266935893,2.591648261818684,0.5833687650971596,0.6487098875896427,-0.16711808031685435,0.14671368643332283,1.2065089665083568,-0.8169356709872361,0.3686733088729012,-0.3933388123273607,13.640061379582052
2.8093450968738076,4.386865359639777,0.9621725484745419,0.028744822934817487,1.2784518626072987,0.19109906801990334,0.04643654815614881,-1.3598561409799192,0.7462535660272207,0.6454841811410754,15.153131967148779
5.426960831582485,3.703843088771022,0.37487057952370406,2.16325472330546,-0.30777823495300055,0.21915032766393877,0.24938368371075526,1.5774532797634744,-0.0952955323869521,0.27902152577033923,21.079901262271584
1.4092422497476265,3.48507870497634,0.28571208628186073,0.6078965097165392,0.1866091231563581,-0.44643361455052827,0.19408999289830758,1.073631749859772,-1.0265152994110602,0.132969674146876,5.639601229096746
8.021969807540398,3.5124204199355464,0.8685991281894603,-0.7001208149391732,1.1950466289248425,-1.5231869047837747,-0.5589218472715883,0.37721187506452086,1.5655240292343404,-0.0657502610729878,31.26466012885431
0.7455064367977082,1.7974557560987758,0.22359583851945264,-0.5551995266931983,1.88115706944059,-1.448013900416244,-2.198805956620082,0.4400144500533324,-0.5020542243526112,-1.0212328171307132,2.899014812321402
9.868869366005173,1.4679592213224668,0.9632225394406113,0.7083564472993533,0.24380071377119883,-0.5640786307367284,-1.2803043986708944,0.8724573282801447,0.650201177958661,-0.09917586377938291,32.768651927941825
7.722447692966574,4.046805777392568,0.012154474689816341,1.8466369960476658,-1.0700847663261526,-1.5255251709247388,-0.6919080698812444,-0.045586016355497805,0.24333944932269183,-0.24123605785632987,33.39179432183343
1.987156815341724,4.050566973395904,0.969878826707639,0.3520553965142968,-1.2515394241904443,1.4437646040732597,-0.08215117839256883,1.1172958315881278,0.34272534637770413,0.4567532191537839,10.6834911363
0.05522117123602399,4.335361592900519,0.04315991195057611,0.5697672802322037,0.4477085600173148,0.6427227598675439,1.3291525301324314,0.19652116970147013,0.7090037575885123,-0.08973569428722672,1.6297108135414788
8.154614284548341,4.566202762782357,0.8911431136980711,1.4401172154494728,-0.6763923020592697,1.8009404329108156,-0.04015795064434341,-1.4307751021180481,0.12810441491078928,-0.6810516574748808,31.18671011090737
7.068573438476172,2.556711994304689,0.5277011090862999,0.8406435489887243,-0.6526239793023911,-0.4461834332147797,-1.889540730945531,-0.4523063192490767,-2.4238793266289567,-1.5839028234857233,27.50655813142584
7.2900716804098735,2.507581473435998,0.9929647961193003,0.7604146561442974,0.7858001586508322,0.42545756178496474,-0.966976143129213,-0.047711356141979855,-0.003602539090568403,-1.1583646891925423,30.044764557884456
7.712703466859457,3.9914758948338758,0.07379656473539886,1.5033983017671506,0.8773622905756714,-0.22096417382966393,0.02688583899453078,0.20838280794755248,-2.0417348684242906,-0.24717738252059693,26.703123336292048
0.7404465173409036,3.2498196538888258,0.5538542844013208,-0.6819842479977986,-1.0016200098949155,-0.2811002928859549,1.7976865268495226,0.6408428612670098,-0.5711789897827968,0.5725827813561586,8.366394621529654
3.5846572854427263,3.509834386288517,0.969302535619099,1.3993554365860021,0.9246336829127688,0.05963036992017413,-0.6469367777055739,0.69822331361359,0.3934853854217497,0.8951932200277323,15.572753790010397
1.1586905952512971,3.978963347180505,0.5230978441701488,0.6351718016819695,1.0495527153193351,-0.535235211560568,1.3173940656343257,0.19759960469239965,2.0752608726252655,-0.6891878180895679,9.494169020001452
8.631034258755935,4.450026709087831,0.6293986381352625,1.7359638031652493,0.1979107834626478,-0.6514180036144483,-0.48388583405432156,-0.32034730819432017,0.4241659464019164,0.5228354880354996,38.17152885300125
6.232981268275579,1.689975784257679,0.6957486889846172,-0.573700003938579,-0.02435459226098284,2.1422703586118637,1.7275431701007113,0.4363236696740321,0.03800347816820029,0.1200313267182613,18.575841168915254
3.308980248526492,1.87791476319972,0.45454106476777323,0.6135179727304166,-1.0227925651984056,-0.25737653742334515,-1.66858407387759,0.39922312260527926,0.647195939702741,-0.4831864622993739,13.47856274575209
0.6355835028602363,0.469909699204345,0.6275580800840634,1.5739867632900326,-1.225765663002341,-1.46437488020982,0.22445181855997198,1.0470983026121545,1.6839276914578687,-0.45888426286894,3.8607804409601245
3.109823217156622,2.89140070498087,0.5843143119231002,1.0786808334312956,-0.03850846950070721,-0.17262729994081963,0.8836599374866724,0.6523228784134196,-1.5763921569842494,1.4765403497258958,16.130300514781418
3.2518332202674705,0.17971136898371043,0.901158010490989,1.3800913541474515,-0.6255627015095294,0.39580353343740904,0.4940301862827388,0.2606737658239071,-0.5503051538454201,-0.6716233679380516,10.671612026465262
7.29606178338064,2.3279900906623006,0.04544638034145787,-0.025554070991445278,1.1727290192593647,0.5436001545944323,-0.37061433208610595,0.7716987106483447,-2.8485426206300755,1.1487657003721035,26.018994755314303
6.3755747135521315,2.713223173537883,0.2809631895922303,-1.7397137787780996,-0.36244094140313216,-1.1196698946261439,-1.2946814757209055,1.1608267873785192,-0.46770120131189136,0.3465038817307158,22.55374336091575
8.872127425763265,1.432706260641422,0.9504114840765587,-0.04692057887918407,0.47704082722312147,0.07682189106025536,-1.2829922241885696,0.99626681944714,-0.4937565831613125,-1.556581898659751,29.77890129278042
4.722149251619493,2.9541663028450538,0.8902637838909163,-0.4281151609659125,1.5007597906343109,0.8502217421134929,-0.3486521344078592,-0.3492577043184288,-0.3216350512173826,2.076747983560841,18.3564445500767
1.195942459383017,0.15250124969524714,0.45565675278571294,0.38193545223155334,0.43004164719106963,1.0302834540318422,0.23878915902651351,-0.2590421458207031,-0.19634984908497827,-0.07160125941406395,5.28755140879688
7.13244787222995,0.18674094374607209,0.6201325978015367,-0.03722223650984159,0.7276295436369798,0.05194588580729943,0.7326400772155792,-0.08071658010858232,0.07863519031609059,-1.9982006845321076,21.248300659122457
7.607850486168974,4.113002803298292,0.2773811829811327,0.9163276747024814,0.3464884758979927,0.9980101098596522,-2.8962553781936893,2.0883747047807275,-0.13958962815517376,1.1081828167375165,29.885947042749297
5.612771975694963,1.8009532070563146,0.1881211597237613,-1.0399059271255309,0.6127739050625697,-1.0534155631736561,-0.6237689606958051,1.9140313538667861,-0.19068240076334658,0.21743287317972287,19.575280690161286
7.70967179954561,0.6353025632594239,0.46369840493998216,0.8700677306887539,0.4956818879726045,0.15041890514357628,0.3649610024662251,2.403415585238275,-0.05761879703358539,0.2010990467149675,26.565918947540297
4.937955963643907,2.611216300274022,0.3533522280260528,1.050654396007612,1.1055259329579838,1.1870303055603801,0.6387302220291846,-1.1430049127304835,1.633431532301096,-1.146345393018688,18.804581008178808
5.227328293819941,3.849967765493054,0.5836561118508721,0.30263546523903323,-0.7542758500193579,-0.06413834659299263,0.32876241030348075,0.32135721545027307,0.42192075423528475,1.613711269058647,18.202699649211077
4.275410183585496,1.0791051374842158,0.07773463696498484,0.45353430151397983,-0.24415663529064877,0.9640871682883576,1.1894704889246406,-1.2276078151369925,0.597400069849858,0.7011727423108983,17.007598576893287
0.2541912674409519,3.114452379095001,0.9743948076661665,-0.297563503359992,1.3757068133116197,-0.15005558703252717,0.12557645347154262,-0.1730718242838696,0.015579047581467534,-1.0962750868952018,4.109985173073204
1.0789142699330445,0.42673732496884,0.9862107444796029,-1.4400508825942944,1.5945050632249722,-0.8469613483183278,-0.9913923494563072,-2.153390113603715,-0.6389617476895023,-1.3230897934074985,3.062421492194556
0.3142918568673425,0.2584086058430385,0.6981617140197451,1.642015160136369,1.0098170893426341,-0.6881503451777238,2.2524358053443088,0.9817654869915943,-0.32483138350862245,-2.4994057148735727,0.48824674828947345
6.364104112637804,2.65677315784074,0.5360963663441204,2.2909425725907413,-1.389572466763596,-1.6453987469568918,1.0225704320096403,2.439752406339273,1.3842728185105182,0.5639091200523596,26.094396444188213
3.143559810763267,2.7031756080505325,0.30952761628632774,0.594754341665286,0.8534155587803077,0.7589285897867651,0.2811914239693758,0.10420110395187607,-0.06259312789952241,-0.7539645888666763,9.36885822455137
5.085706911647028,3.187149507491033,0.8137950197069487,-0.28067507686677406,-1.6929568141953855,-0.09833962679474989,-0.9885911071509176,-1.1035893172157711,0.17989415115347845,1.3920022863445993,26.720239573351098
9.07566473926093,3.6304566686133075,0.6847311725538793,0.9183166060023132,-1.5705006036231774,-0.9896281365703375,0.9407711879882159,-0.9824873935383096,-0.2246331499970246,0.5500520990245519,35.127158425111794
2.4929222914887497,4.879260397312673,0.1626169393448913,-0.9683444548636353,0.1053755061459599,-1.3340254949182044,-0.6013676439512138,0.319781934142537,-1.5929937335316693,0.440474737960399,15.325443768366021
4.103829230356297,2.5815017415059764,0.9109271844938425,-0.019637798926681226,0.552489954417148,0.22391413406466143,1.3641404299738442,0.12522450264790727,-0.429405541125253,0.12229750303228384,16.529415894342204
7.555511385430487,1.6147823647062298,0.822537242923169,0.5432980290363882,0.04886007032570433,0.04059169120388238,-0.7019916878067556,-0.6629009175509484,-1.4026052717996935,1.7495767431869393,26.071084474527705
2.2879816549162246,3.9759309738435182,0.949799913291924,-1.243863235391285,-0.6929051977959073,-0.7184072655691974,0.8949243769444413,-0.2949496782920278,1.2477420726737338,-0.6734906242438685,14.34498623891859
0.7697990982879299,1.354161256310371,0.72571950838836,0.27899416222380197,-0.8353470532597573,2.1451491277733883,-1.1875984190295128,0.3098207102270275,0.6337768809320985,0.41379909745149823,5.993930105423641
2.8975145291376805,2.1948571035281805,0.6134151959357899,-0.1852876588777083,-0.12982069973342616,0.0438114719791096,-0.14700200162848862,0.9638791167949097,2.2105230015913513,-0.5574917850078337,13.402745772680106
1.6122128725400442,0.3922819067113298,0.4182430362906189,-1.369802979579078,-0.0882820483512548,2.579709337654318,-0.8036745679697308,1.6391168054440675,1.6777008140764407,-0.5535882417079946,5.813344358342935
9.29697652342573,0.12675371707728755,0.9327284833540133,0.5689830791852754,1.628396623128538,-0.3791277409874871,-0.20358036010236177,-0.5816809139486437,-1.0147567306928669,-0.6492775450660071,28.152747546955474
8.08120379564417,4.813242073389626,0.8660638895004084,-1.2239402667622565,0.03408346825922606,-0.7699732310586415,0.2337859117907477,-1.5558956462036273,0.33088023221445706,0.8335289616089246,31.59395987446013
6.334037565104235,4.1799006025610295,0.04521867010618941,-1.9937356425714554,0.37405656984757213,1.2276689924732922,-1.2096410186912054,1.6725723868377034,0.4190190093660452,-0.7050118557584089,24.90475637350198
8.714605901877178,3.47987103046849,0.026366974497252005,-0.05576907765770601,0.5583269125217224,0.0760053914124115,0.5387559924463692,-0.9206735930793662,0.169360824036078,-1.4137144969049802,33.644347932317025
8.036720768991145,2.044764722071349,0.3764633668780496,-0.11122606134870032,-0.9039076414647897,-0.7355299425897666,1.2360931752104374,1.091310120594269,0.609138120907177,-1.092312764672579,28.55265451808121
1.8657005888603584,0.8664716003542289,0.8105533307818329,-0.3164084496948019,1.2130976999791834,0.14171691363990474,2.319329539981694,0.39331783939437187,0.1920491164900316,-0.3091164642025014,1.421308563174775
8.925589984899778,0.7821852133554302,0.9872761293149445,0.13354090478228192,-0.15246983638054348,0.7081086766885905,0.9567023167945841,-0.7859894605079495,-1.331232953557778,-1.8362053731032966,29.75548739244947
5.393422419156507,1.2512144908229765,0.15041689110352818,0.5079913269125437,-1.1033666061738736,-2.152890592952483,0.3885786045309641,2.4929995174327906,-0.006070911539893324,0.8384907744516419,18.521769828693298
8.074401551640625,2.7461333235306022,0.5941307153521351,0.08182935854756501,-0.09888965319114267,0.9190764829877686,-0.29027454418865134,0.26739231407190295,0.3216978061960136,-0.6680904536430488,28.602052485002048
8.960912999234932,3.5729796135003116,0.3808908566310215,0.9920423495365228,-0.17495975669540864,-0.7557451594928447,0.5365098435704035,-0.8984679817910373,0.028181157369128247,-0.009118996644203544,31.655616940093005
3.1800347497186388,3.3009868835886564,0.9699143978146032,1.085895565831578,0.4746982328799528,-0.025026958745143917,0.8177662992002871,1.3902075490173134,0.5578103063518622,0.010352619843380607,17.22476721341823
1.1005192452767676,1.3996694847297142,0.8421189231357087,-1.3118362323501596,-1.0651136630753726,-0.30522470435466764,-0.6095122021592831,-0.186971302985446,0.056649924897107164,0.5296927543567308,7.717174348738444
2.279351625419417,4.77432640331597,0.8383287047111379,-0.07049877805909122,0.4865016438262019,0.06447441481012024,-1.9754665663538713,-0.9393353938187543,-0.14408755572161547,-1.2096947428411076,12.872953497940557
4.271077886262563,3.6894845834788423,0.4686931597949703,0.5999287299962045,1.5307508323436974,1.2187618516973167,-0.213442870930208,1.490726136849952,0.14866745720211172,-0.3370859711180397,19.39591168815251
8.18014765922493,2.7717702625570033,0.4148195023376652,-0.6134026635409398,-0.30246968648812833,-0.38817681854122876,0.1704162223754877,0.1605739810498646,0.0030460201534144695,0.43693816974634986,26.96219465359656
8.607305832563434,3.058603731171761,0.27340707193070624,1.1906462747863413,0.9495541354413237,-1.4848979684499035,-2.553921134901955,0.9343199112392737,-1.366878698415421,-0.22476540189268354,27.787290300835437
0.06952130531190703,2.0980003121389497,0.056375496650927115,-1.1701130260593595,-1.8019804375800197,0.541462728204788,0.7591551603026468,-0.5765104007267194,-2.59104229214491,-0.5462444482524828,2.130317683289679
5.107473025775658,1.2386549475057873,0.8647223762550532,0.3918040054025465,-1.4789115687741285,0.1833599197791556,-0.015309849172995557,0.5792914996010884,0.11958036841415326,-0.9730689408815555,19.337549631478698
4.17411003148779,1.779863393256308,0.8129010091300776,1.1965715016644913,-0.15852957302697002,-0.02730453950993186,-0.933267959073196,-0.4432822511915103,-0.8848027140269009,-0.17294605992342302,17.504825779665044
2.2210781047073027,3.7892305523218455,0.9997176732861306,1.7117084801423437,-1.3719011429313563,-1.6135613978767411,1.4711703274936085,-0.20932367715186612,-0.6690727386599166,1.0399046873960764,13.873109819442329
1.198653673336828,0.07196744314877934,0.9966368370739054,-0.6056155397368641,1.8260097135469362,0.6779258713392691,-0.48791140814570266,2.1573082132655035,-0.6057149230033384,0.742095372009307,5.6524221769666
3.3761517140362796,0.5803632025345812,0.5554317056026274,0.2992925804064919,1.301741289398798,1.5615111967268527,0.032004149065766624,-0.7534178703461835,0.4599721429391164,-0.6777153697521061,12.309072372941943
9.429097039125192,0.23001321010876374,0.7689874151805105,2.013387247526623,0.13653533108273744,-0.3653215513121087,0.1846803058649084,-1.3471262895296965,-0.9716140385106515,1.2004139079444254,27.733841449683073
3.2320293202075523,0.20364401159485068,0.944765729882428,-0.6568942789713957,-1.0469109826819396,0.5366527525272862,1.185704154662997,0.7189533106650667,0.9960476858058164,-0.7567950885694608,11.337781932304027
5.187906217433661,4.277302920055036,0.8496473906774115,-1.4218106667418438,1.5013336519554867,-0.32267983884213575,-0.25083301645504735,1.328194141849058,0.5562300094006599,0.45588777208160763,24.005315778177607
7.030189588951778,3.5182892969001185,0.24734810174319766,2.165002344901084,-0.643518230380143,0.9278401280812372,0.05701312489708459,0.26859227886325737,1.5284684264125317,0.5078357562896237,28.00025942270426
3.63629602379294,2.370869145436626,0.4505441353100935,0.538296079049633,1.0725073373098022,-0.3649527295428853,-0.8392096673390064,-1.0448091940210336,-1.9663565893760018,2.056207129940322,17.06829060013809
9.717820827209607,0.4891708032550074,0.12915941515149498,-1.1032083657216831,-0.221253623585772,-0.27681329988892067,0.3074066978091007,0.8157372125392965,0.8604734883597454,-0.5830774385689385,31.368406088489206
9.624472949421111,2.4580793755841617,0.9540510272587224,-0.1671217137864115,0.28257995048829965,-0.24869112618354708,1.6073455760199926,0.49097495163825133,0.7348777860498175,0.6628812686674127,33.74045984035211
2.5178229582536416,2.3673588539028283,0.60617463445088,1.173473857485325,0.18102155870370695,-1.2968319479558466,0.3996879517526416,-0.651356893791829,-0.5286166817497568,0.5863640187550933,13.547894949473463
4.972485058923855,0.8660093495500759,0.22864280550346272,1.2382830714336357,0.02127157673606165,0.3088330125989638,1.702214944635238,0.24075317948856825,2.601683114180395,0.5655096456315442,16.27774808535029
3.0087830981676964,2.169258246189865,0.6717006844058567,-1.7607627591558177,0.7533416211045325,0.38115838488277776,1.2897527540827458,0.6731813512699585,-0.13845598398377382,-1.2242982362893657,10.852337703535378
2.848404943774676,1.9925236719868673,0.6181282404578958,-0.2090232572860252,-0.8505204542092998,-0.5805234498047227,0.5885784044206096,1.6699045043514062,0.3946715298229811,-1.1958830620351844,11.51693053164575
0.36886947354532795,3.0792504902610824,0.3581627180328405,0.4446026682201407,1.196631486645651,-0.6097829043193822,-0.1340171666729177,0.014688194729197093,-0.78489831308224,0.648280433843859,4.414760225431131
6.095643339798968,3.175468254338219,0.11355759219962902,-0.12094814860778157,0.41953244390702776,-0.8874921778021001,-0.43745830032341043,0.7223813578277714,-0.372833152091767,1.7269638512334051,21.75655464705528
5.026790232288615,0.2265200488602226,0.6715731955927996,-0.39963618561460235,0.22468472575188592,0.9325908318730899,-1.4183657329330317,-1.7608088119807759,-1.5256563145700948,1.262584103427182,15.466900026521543
0.5147875124998935,1.873063073132356,0.5203077009037933,-0.5518581458924467,2.5581992856682523,-0.5642475986573886,0.18455130319703697,1.5421099525678756,2.006092888159123,2.061503576636398,3.0292711556501883
2.7864646423661146,3.1292995785711817,0.7723183917356393,1.2083662305931424,1.0240625258114624,0.5925269492011831,0.7783610761666377,-0.5511857163285334,-0.8181988834223072,-0.0033744574109520514,12.823579431544855
9.082658859666537,2.5156812929004384,0.5201635011119934,-0.17018462252492844,-0.4532280493272752,0.6963874474567154,0.9553052085705108,0.08840688629184734,1.4775300810552616,-1.141689114133505,27.494350934998696
2.395618906669724,4.282449205941611,0.8521815003185401,-0.19365945927971812,-0.7168223206028049,-1.86653661707306,-0.08268068584269925,-0.12174750838328353,1.513449743242131,0.6308116845547775,14.463208693826736
1.448948720912231,3.293468158094725,0.5519068387744855,-1.024186824329205,1.8540925663341883,1.221033695525353,0.5820977034686158,-0.22648409884983187,-0.9594392367234795,-0.3722067760710529,9.565412769990472
4.89452760277563,0.8146721354071484,0.5609379715353863,1.0887486197041858,1.8845863059346086,1.5432435282721888,-0.4888494217862741,-1.1196174332890112,0.14088624691120394,-1.7684393655628516,14.551882735068927
9.856504541106007,0.3528437370021492,0.876653602658345,0.32316771418478146,-0.14760258629866868,-0.46603650186824225,-1.5947030672667954,0.5136001065697166,-0.5327008396619114,-1.169916835710288,31.85559736701523
2.4205527151150044,3.212096391031578,0.40348286621239704,-2.8722622132816493,-0.027514905050636255,1.772251596669744,1.66125921454787,-0.45709625658627184,-0.6022120603617805,0.46877425607502377,14.156684440251695
6.721355474058786,0.13255655270810907,0.13401522845064073,-0.9983854391882915,0.30179189981946597,0.7660802783846903,1.2269332238843076,-0.10015407647995278,-0.20367375017696587,-0.877982586756561,17.214789136725894
7.616196153287175,2.9288779063673163,0.028782676313338973,-0.82688035403986,-0.22647889190152676,0.3673655068161781,0.9135846262332494,-0.8031789506803448,1.4926885689595217,-0.2711236010425688,25.73084710043674
2.3763754399239967,4.701151207124788,0.755137255673619,-0.021367294348436157,-0.7472116791478234,-2.4242402602729416,0.8840453963610497,0.7368438970924334,-0.2813275571182134,0.06699071722487192,13.020137058721385
7.282163486118596,2.877370889379395,0.6203095513534647,0.5159392177040995,-1.5625458568865427,-0.5290526773462948,0.7942646796218271,-1.2542894231692494,0.2935579321666293,-1.356581804623405,24.592895365883884
3.677831327192532,1.9408496310326095,0.7040797680992236,0.46642998243352635,-0.03564148229748357,-1.6151318159055095,1.1647393544571714,-0.734591576798049,-0.8102524370143808,0.20056919723094285,15.955757996039619
6.3230583059357945,3.216441092211766,0.21296416150891073,1.1486373494287152,-1.015821818978397,0.06167984984797165,0.42881650033057295,0.6931056072631441,0.1764415552772252,-0.3670278390833223,23.512666359333878
6.335297107608947,2.2912644524575834,0.13637147558676976,-0.8275902206487197,0.08614388304637476,-1.072139011985607,-2.9213504834946074,0.4365598041576678,0.9039348410861953,-2.3629324355418384,21.98194405668538
5.357746840747585,2.728083946579675,0.014544665667881929,-1.0097307047099375,0.6191542610051978,2.0574954697116987,0.020793707675407887,-0.7280029412291342,-0.18289644110484016,1.3748764191481848,16.164914046132704
0.902897700544083,4.707324043882625,0.350587558806597,-0.6459641791245353,-0.7991920066502536,-0.4827435221820324,-0.9533286082587124,0.12267031599479553,1.6246784584695606,0.3230792731160291,11.21580900727794
8.35302495589238,1.9305131890038711,0.5899176868546331,-0.2523535021262876,-0.2918112689155441,-1.563190808696657,0.883109777147159,-0.07783719701280203,-0.18047991359062565,3.193107567844861,25.771286704903318
3.2078006497173583,4.805952819119571,0.3922440450997323,0.29875290836568624,-0.7517910500951843,-0.4263575962055433,1.1484457091967548,0.11327041053776446,-1.4382779783173667,0.9192289345752035,17.148318460913952
1.8651851039985423,4.526753209780319,0.43747492202372906,-0.668144085538994,1.8732977762175456,1.0800480657146485,-0.4473218956587511,1.2810163617351127,0.06785551052740331,0.8527736751222197,13.159176463594353
0.40775141554763916,0.9789556739464822,0.9041586944937484,0.48473281729447476,-0.8463566549908735,-0.6435498323174619,1.0299608175811612,-0.33477533210654087,-0.4036484632419967,-0.955122579349353,5.865084296486817
5.908929431882418,0.3468065043758273,0.34825546702330035,0.42359906559346105,2.062524919243145,-1.0675329142542729,0.02421945667275807,1.4122205554154292,-0.0796413912457152,0.4523717962497342,15.80348498748442
6.775643618422825,0.5038900068871333,0.5139894891598108,-1.0623935281468797,0.4283070972076486,-0.18714426500454878,0.985729995679863,1.187386051564751,2.5895636420186134,0.5796331732135757,15.300736298537426
0.16587828927856152,0.09110912825774864,0.7836530127411431,0.32579631658216646,0.19438430157733602,-0.35316629281068834,0.33848384346169114,-0.29540141013902943,0.1684609762696143,1.3175975356079597,1.3938241561002687
5.12093058299281,0.472214803779642,0.39654278232127016,-1.0065425652796411,1.1398785611290454,1.3171150673398653,-0.11806852699107874,-2.1218548990085946,-0.6078219870944325,1.2969945465611092,19.870407708830236
2.2649577519793795,3.4150338670817844,0.6220867002278735,-0.022868062298882122,-0.9993022322949108,-0.5047749212282174,0.840620026504553,0.5467335682013793,-0.23893209916969452,-0.36682441181468783,14.706360112553627
6.451727904094499,0.35594324230114494,0.8623637087467452,-0.3917581490438219,-0.9224101844985025,1.6153756894694418,-0.3223204692113399,1.2171585208254965,1.5213160519224513,0.9983108981479604,20.73959926065784
1.7436642900499144,1.5948781514688064,0.9495206236576421,-0.4316203127180484,0.40373009033660945,-0.024195606390916165,-0.9037018607301281,0.324359281721603,-1.1790397911598025,1.1876793884615637,7.114798037917678
6.90937738102466,4.2243765548472725,0.14707348092903794,-0.4646172972983931,0.2011596558728393,0.28328787154614216,-0.25890497370407733,0.5866938014752747,-0.47490365662252443,0.8712972974572442,28.752478909084026
3.867353463005374,0.11635967867912933,0.9265876251614944,-1.3459796802467485,0.12637957954641182,1.9389289990582848,-1.0003313246055747,-0.6777449705248515,0.513907849658915,0.17958178193959795,10.292801320206626
9.367299887367345,4.072342412944679,0.4921162930795382,0.3506300992735592,0.4891871301476635,0.6347214685617699,1.1096998419562232,0.40981865692851255,-0.24125765461854246,0.6725737012027311,35.40918696677126
1.3752094414599325,1.4092738738669996,0.25824438829895835,1.899881934895215,-0.13263374638257355,-0.9745293046706415,1.1070806692869728,-0.12038116395359824,-2.172669546014036,0.8474216771504216,7.37960164766303
3.410663510502585,0.5908241381082813,0.4591357562382613,-0.5353281859539227,-0.09053328230416077,0.3319803305690149,0.1904996797790666,0.7094518171390395,-0.43548637056984335,0.5131057981760827,13.468214431787068
1.1347352124058907,3.483685826820753,0.980032575285477,-0.2595466775839172,0.738810480887503,0.6153674840130534,-0.9354387020445952,1.085982116175032,-0.535963445114048,0.8080577982811451,14.639070742913695
9.246936182785628,3.14471423389942,0.4926180939928696,0.3672873134013406,1.8381836767951223,-0.22346598237185214,-0.3493167961181975,-0.019419605887732585,-0.30317978283427505,0.7999419019420501,33.489020880559984
8.77339353380981,4.387360067635265,0.3287516102875082,-1.616310608436588,-1.0536824191463543,-1.067802921579193,0.9503075919735757,1.7106133725819253,-0.1044492185374715,-0.16882172319001063,32.04766925661109
2.579416277151556,3.675355219019429,0.6334008543167258,0.07005216311318137,1.1618783026081902,-0.9273531341905741,0.23836898273478513,0.9751976297824295,0.501094169939845,0.1895816165987434,13.516833462758184
6.59984046034179,4.017404651924243,0.24014561877819307,1.0010460925671412,-2.703232292999237,0.6778753195309076,-0.6540756831274238,-1.830632896856457,0.5112025995249807,1.3736585451629577,22.407549358522594
8.172222002012159,1.4101728628565324,0.07586332810866392,-0.13744851462769184,0.9528745472029384,1.6122782579886454,1.3149144535840473,1.639964529371393,0.7421274910718922,0.0754336389015928,25.280430702197492
5.5520081159946235,0.8871977188986141,0.12887972191064923,-1.6019658118971685,-0.24606248812994846,-0.8432465953161914,2.1709427174978138,-0.1758858124323366,0.12320480678448571,0.5514853760404677,17.232695911060908
5.296505783560065,3.753073758204292,0.12804583895777244,0.043602446372453724,1.695051040430753,-0.622649361734452,0.1946074552372427,-0.7424705856980482,-1.3200225112207058,-0.6117690909052854,20.534974111596334
2.418522909004517,4.03417369633632,0.15190269351229435,-0.03703679704841202,-0.42930222451725997,-0.692420979873856,-1.4063174636718339,-0.08310557262869477,-1.5047203740310022,0.7600559636896026,13.68749036234162
0.9310276780589921,4.952525710003367,0.13882717264941014,0.08243975293450329,-1.4575514994649306,-0.30920907704986345,-0.7521564055905832,0.31917451041918043,1.3404504460231446,-1.8751724696457446,8.64644532074233
8.972157579533267,2.0630883845571324,0.6408747448032146,0.11502607914741717,-0.16013279556664034,0.6713400764504653,0.21319662823768915,-0.7519693317388191,-0.31905393566661816,-0.796025856803489,32.57360402248605
9.004180571633304,1.860090428963916,0.18188008439914483,1.0760071385985983,0.02131164867194222,1.9011906857530074,-0.060660813814620775,-0.7084067669104628,-1.5137143926128271,-1.803139676255945,29.89403153038175
6.33101457273268,3.882064803709984,0.3456672833238632,-1.5841359430054898,0.2671266510114834,0.5087250232299338,-1.5811907020321334,0.8950383140761154,-0.4830610516834395,0.14679301198554937,24.970373923147694
3.390297910487007,1.7040177012650892,0.8967884099060118,1.6122206282554243,0.8968393158655319,-0.2685306479058323,-0.8911922254152874,-2.151815401329305,-0.7191533192424201,-0.21113023882769438,12.519525055285825
3.492095746126609,4.653786628017824,0.47396164026287235,-0.9871795271511837,-0.13125696709230472,0.07685188295876821,-0.22485598180807856,-0.6500025808234597,0.16865467196672768,0.44194064956940904,18.00432936825596
7.259556788702394,4.2920637592150594,0.6675577385210272,-1.090399077442846,1.41093237974627,-0.09858813228426173,0.018849622944847662,0.7082144232565574,0.23321613126350177,0.9531366339132451,30.20074140352555
8.971102599525771,2.1449701368750915,0.17231987120162984,0.2871241652018242,-0.6124373746404379,0.36150352520610163,-1.1437262073206618,0.10855970577652314,-0.0332299906444608,-0.2081168572725397,28.48266250806897
8.870864242651173,3.754355338957487,0.19228901880867078,-0.12853751143893075,-1.881849045497639,-0.5487249077409615,0.09284490114111471,0.15985639199740037,-1.0276751409259581,1.2657078408647005,31.024037267643568
7.798755458576238,3.7727143704234116,0.04086861626647886,-0.8661748482145006,0.9694572005267368,0.42719436187168486,-0.6462273098438029,1.7753108926095116,-1.19363683175648,0.9191541736100015,28.468320181943742
