temperature,pressure,catalyst_loading,residence_time,feed_purity,stirrer_speed,yield
374.9080237694725,14.265072566375158,1.3330981797737884,33.549498182491995,0.9261705683735906,431.0075688425212,10.073094782822409
490.14286128198324,11.185830960538288,2.9385542632026116,31.355003269635205,0.9246978799072,405.81111786188706,17.90977268572012
446.39878836228104,6.8810247094402275,4.428256261443837,6.410313619353963,0.9906254580521037,329.4115805822293,5.543680678535759
419.73169683940733,16.462105374432024,3.7950119888430254,23.7686305194386,0.9249546199849507,482.41885744477327,13.652807818248373
331.2037280884873,14.009892278523706,4.129525165376524,25.91075903322214,0.9271949726128631,180.18980621136112,7.061482619459847
331.1989040672405,4.089721847552934,3.464525150198228,26.935252949329527,0.9759398262417964,143.70568412384856,2.5818685334098133
311.6167224336399,18.307616505383006,3.615244540330336,36.90948030750327,0.944973984245054,441.58478678216886,2.43230503844922
473.23522915498705,16.628207615540212,4.321380432043937,34.348140069978314,0.9776710556955182,275.6599266534993,20.6217520293253
420.2230023486418,19.046198352546558,1.6235060398663368,38.434780103639454,0.9065366157564385,438.7875416828242,10.519871219677208
441.6145155592091,14.78867065937884,2.702412336394132,47.068579384817056,0.9487571193673384,457.23608207816596,21.13705062292479
304.1168988591605,12.654888722780008,1.49544248818821,49.714215629385144,0.9033613600183282,124.98303744762858,0.0
493.98197043239884,8.946617689521759,4.944506035984912,44.496769192457194,0.9062653203455354,453.38590519442425,15.907470468213956
466.48852816008434,18.72184118372625,4.74826702858976,57.55380327752141,0.9906437453344411,279.32762214776886,21.65058514820602
342.46782213565524,17.455213900507758,0.6774206511582765,6.00279204719989,0.9139245371117596,304.1729956016929,3.1125272573402643
336.3649934414201,1.8591547320175987,3.675088276320598,15.767789212595035,0.9532420682275217,350.6370044372841,0.0
336.68090197068676,1.500972515447788,4.663617428370496,5.415958123797816,0.9411095602600706,470.5530426920347,3.5064653117732623
360.8484485919075,8.152803970682942,1.3125890530730009,40.611109278503164,0.9347343326258842,107.64643777190561,2.767505234631526
404.9512863264476,16.400513284854824,3.0557535374868325,54.39168019224928,0.9899833345687272,290.73738732712684,14.0556201735832
386.3890037284232,19.758246456983944,4.619697339146188,18.39152631169646,0.902182339677549,375.08881697222427,9.164405642912255
358.2458280396084,3.8579209309670355,0.6527569036360947,55.986899963796866,0.9663789686175589,389.0827830792914,4.233003945886038
422.3705789444759,12.288483591690568,3.6383912026107796,8.314706465925847,0.996339443421355,377.0129726148432,6.604518134996135
327.89877213040836,8.23692627598941,1.8380705331764784,56.39398147430329,0.9560168183461842,153.77405176324874,1.946372791014288
358.4289297070436,19.42837355847746,4.6597828791943865,24.339247798179894,0.9936822462033091,219.75823534867249,9.891800110089845
373.27236865873834,17.000259539578465,4.869762103244155,10.578145564706908,0.9052257879286024,243.4862101668054,6.869822962439905
391.2139968434072,16.92824538951162,4.749199201010453,31.72294675524791,0.9418793319074161,421.774883071802,18.363519680446508
457.0351922786027,9.905170036104435,2.633963974958587,19.12271122462794,0.9260157790962051,211.50394896582122,11.859145789697402
339.93475643167193,8.881570544415638,4.379191929451911,20.668009607905756,0.973082096498073,184.28198554688126,3.470924560466304
402.8468876827223,6.194734366683418,4.300472293407816,21.900948070945763,0.9981297090497246,482.97920761523847,6.4227749003110794
418.4829137724085,2.071134436367615,1.9359521295946505,49.166424380796485,0.9256530062444248,103.54531404538756,1.8151989040247454
309.2900825439995,17.42972514884601,4.230119633678048,34.653870217138994,0.9654174601474075,499.12834227279126,3.2305004937797124
421.5089703802877,16.445119173471475,0.6665343562197168,22.1219234535802,0.9198097632759741,370.7285195429582,2.881397410929975
334.10482473745833,19.99463579243648,3.1832144531692386,38.56835808210051,0.956533025457161,431.38771977964683,6.593004107705589
313.0103185970559,19.9360999044042,1.5350397677946637,44.388287082275646,0.9463932486688337,217.84775853847725,2.7941658130342417
489.7771074506667,11.553202406449921,1.0425509859977546,19.994320040344356,0.9972005329631537,105.72611106682399,5.565005695408448
493.12640661491184,15.610760888429699,0.8462894073314412,27.745200583894334,0.9608527272696467,395.14780742461204,8.589738792680942
461.6794696232922,18.950548867766134,3.633299491451629,11.703735133532115,0.9349506372086819,433.6578388002703,10.614579152177647
360.92275383467415,17.14330042287082,2.0294373369562977,14.963214224407418,0.9114095784887933,396.19045278140766,5.584572409403497
319.5344228012768,5.699613933120755,3.7614504718794266,42.461481968074054,0.9151246828734935,157.14011492033544,0.18416009006406386
436.8466053024314,9.560338570891776,0.7941035335952407,14.979109123259482,0.9225316929951235,401.37116890278764,5.491196283128314
388.03049874792026,3.4540288878784047,1.9188065202377464,33.88398610168831,0.9250966661340299,407.5691128430564,6.325625122767738
324.40764696895576,19.126969517915725,2.9277108156890175,43.9975443947338,0.9850616057841138,363.41620626802194,2.4862492921571295
399.03538202225405,12.51731805456672,4.058254241775336,10.87823077021091,0.9561222788282525,406.4463731182345,5.837407589844407
306.8777042230437,5.344213304565792,1.9343862631943147,36.202172079589694,0.9523390911374366,438.36857587109284,0.0
481.8640804157564,13.762313003711277,3.316511193966541,19.110953103575007,0.9114768871869218,345.4416456949834,12.359850913320523
351.75599632000336,12.74443656870002,4.486899867062842,57.96097813806689,0.9860139693349435,135.44188558787164,8.693385365318884
432.5044568707964,7.805091642623969,3.2713843468203705,31.59501056959586,0.9722814303208483,295.0511238668843,8.429976233613093
362.3422152178822,3.1575942517929514,1.548317636391352,49.329590237633695,0.9067668361900002,131.059733868642,0.40610292737362763
404.0136042355622,13.759890716263193,0.6098035170044211,35.262459818594394,0.9707835097229769,263.01721241297236,2.4208364445321946
409.3420558686559,10.885846317172073,4.415444932554184,7.387689307015054,0.9543538217342646,262.84259565025104,5.301614921781355
336.9708911051054,15.674049442977147,0.5957123488267422,39.82332565767123,0.9081725345746778,126.40393765609663,1.9732859040020925
493.9169255529117,10.883106521127875,4.4361575270788975,57.327183821366134,0.9458300641528656,239.52821358779173,17.14612378379553
455.0265646722229,17.19144850605226,2.8802171031224537,38.08865010804821,0.9484696287130047,144.39923951652594,16.110049188149045
487.8997883128378,11.486229936715226,4.725804643308033,50.05538726847346,0.9165774540163276,423.29408400368885,20.400916392763857
478.9654700855298,11.65782145917234,4.094524560981494,53.63135548416243,0.9945698147000283,479.0752103857883,23.688837405336837
419.57999576221704,17.656418450508557,4.990703497400019,17.544387457191284,0.9849975371480661,128.92659010317544,14.227311283528937
484.37484700462335,8.666174458035544,2.0782031695326957,16.662466194952465,0.9669022337329108,482.0460829166806,12.485521795869975
317.6985004103839,3.546289340562174,3.952347300190071,38.603954386804546,0.9462295561000608,309.03063973469807,0.0
339.196572483829,1.5468708499534405,2.3086891112415895,27.60656583936876,0.9411765541584509,219.82627118154957,2.646249190704857
309.04545778210763,15.347607857798762,2.6594402913675896,51.19237165766962,0.9650973467150954,130.74483011046541,3.3677268122285504
365.06606615265287,12.78588147571583,3.323774584482665,54.50127178689061,0.9545431869406905,300.24970722816715,9.163997157882811
377.7354579378964,14.377515593885247,4.431547013838524,24.438175861649498,0.9062273105881886,417.80621779629945,13.137229069400911
354.2698063547792,5.046319068669304,4.928375611396828,18.027880743596512,0.9512502648770331,382.83459090667924,7.079336101853265
465.7475018303859,3.5910580361486257,3.957230362390332,47.9289033384124,0.980640361723284,120.09040458558951,4.627131046954354
371.3506653387179,1.2763486476897565,2.379950519753002,20.114331955147485,0.9459239877596958,129.1607341471614,0.0
356.18690193747614,7.661163617325343,2.396106510246816,50.24378751825231,0.9051956577554269,261.14931305305487,8.164059379747492
408.5392166316497,12.208436050238028,3.8191203571500116,28.305603950681956,0.9786278199384033,218.1161976191773,12.701958824026892
328.1848449949525,8.452636856894914,1.5744971559573604,41.71524446103088,0.9201363782135975,192.95372922241913,3.7523815453205174
460.4393961508079,9.312023518450852,0.997133509091276,10.25444226090675,0.9258620834888039,212.40179956348544,3.70622400133458
314.9101287359542,18.17901519538122,2.0957997093834946,39.312262857211515,0.9164706353432296,421.39309731875386,3.9847470433678196
497.3773873201035,7.6168538734427065,1.7925754624433679,29.847222330547602,0.9330215064871498,471.69122145274156,8.4646929190531
454.4489538593315,10.765800294036405,1.8333865420519553,37.26346547465108,0.9756751505688636,262.0410778110266,14.00832103371867
339.74313630683446,15.889407242081719,1.5512348797245947,14.240781425967487,0.9519385859503937,462.44440085299885,6.165234432394725
301.1044234247205,8.534312864104134,0.6894193533636285,45.528055971930016,0.9204881274150712,228.5982804991528,0.0
463.09228569096683,12.819647304329596,0.5804327063003621,52.45383926487757,0.9877830078152041,290.57479453751665,5.86788822868049
441.3714687695234,17.38491046618816,4.944750753812142,16.92068900499266,0.9879581854951529,190.4115991263999,9.290256127462413
445.80143360819744,19.0408918494952,2.4249791018113807,10.264300553608894,0.9870578425046007,356.1904168703376,10.182696357708275
454.25406933718915,3.794396137651721,2.2294699122185677,6.300122232548501,0.9238796211381539,491.59244606992354,3.524055093198739
314.80893034681804,18.605164878068393,3.5584127721188143,40.30843252437963,0.9451239344180988,341.39723841735145,3.6220668908485454
371.6931457088545,10.350209568511225,1.4821424953927886,38.39017198488294,0.9984989656140875,243.12563364541955,8.928428344576046
323.17381190502596,5.906643377680209,4.774825327776014,35.068357699273854,0.977201247630999,359.12697839621137,2.437076876599612
472.6206851751187,9.723579368526964,4.038552564869984,17.75709028637865,0.902716742122556,149.16827138615503,10.032831910116327
424.6596253655116,19.620618930424065,0.9023495104051678,26.499829774803306,0.9065204591260492,455.4636321061595,5.926179714400405
366.17960497052985,10.359743785864522,2.379113491032178,37.696198435239516,0.9463931376812333,301.23358031193453,8.289677550454426
312.71167005720474,7.246280595462656,4.456032384029741,32.322177237254316,0.990922020586156,279.7398968158568,1.5222097616206043
362.19646434313245,13.03461623201779,4.7512941003113465,59.3282036118188,0.9538701797952714,334.3459153814077,12.861825176722004
365.0366644053494,5.562766756785669,2.6033068006244138,12.504186390620323,0.949781250803429,349.913545115761,2.5221256579438185
445.9212356676128,2.4414032340646146,3.2603512514481845,43.23295047261766,0.9105473699956631,128.71032249060522,3.8496975803821134
427.51149427104264,3.4487147163023355,1.2516527574143386,27.237532245736066,0.9656780104724294,373.046888489361,5.249760397180866
477.4425485152653,3.4328709401976765,4.960258817616395,28.55097882090881,0.9822103160600225,196.77267212621183,5.498405507702012
394.44298503238986,3.8861511767335926,1.5425226562254952,44.46787711119969,0.9380420007507563,385.58105300263594,1.416135629894475
323.9188491876603,3.6377162803387924,4.742292983608065,43.083988322840334,0.9775611850925328,429.0139177536787,5.987160301076399
442.648957444599,13.176620151261078,3.423409920465658,59.51907965362036,0.9964476653900811,421.5834030210081,24.876870213939334
452.1570097233795,4.4557216035837515,3.234815576954866,12.061685919976888,0.9203766459127689,321.0003869631556,1.8370108724328387
412.25543951389926,7.567678383153401,2.807098299574289,10.726030716129149,0.9523329631194741,308.06795692430046,6.436928383735551
454.1934359909122,18.038979788214224,1.538014152729914,44.838634942080766,0.9287137958084576,157.1503845357647,11.071875300842631
398.75911927287814,10.005271164994575,1.2943761440247872,36.8112804353525,0.979285441903384,410.1384601612542,8.797843638861778
404.5465658763988,13.683597031899517,1.4921879408157892,20.07883666078932,0.9577593365881157,208.56375217868575,7.334738003267457
385.5082036717099,4.274077552830967,1.3389721796491454,9.368065294394263,0.9634582417550304,298.6781691271786,1.2134383186769375
305.08382534881906,4.653491357364745,4.00813013105039,9.71120372780368,0.9797914159615894,213.70963717100668,0.0
321.5782853986609,1.7765037090630984,2.0755636662502854,54.18049810652651,0.9395970472662455,153.53134519987725,0.0
306.28583713734685,4.209766198371127,0.7602920445352837,15.552702859530859,0.9915090068407043,351.82307875669466,0.0
427.2820822527561,6.293216441607214,4.860961835633651,22.78543591635364,0.953302886724614,121.73281392916154,5.390429452345541
362.87119621526534,4.3631992012581895,4.477036482335416,17.46610212248434,0.9157954822835348,399.45809365048,3.6497620363926067
401.71413823294057,2.6853481413840568,4.674885274378458,24.524796820756553,0.9695899118168803,227.03471810444665,2.31724174388544
481.5132947852186,3.2920815509114156,4.977085201908959,8.818311351035135,0.9793261350438255,100.05387720179412,3.952355732277531
349.858445829775,9.75479659262179,1.2825286214876928,33.54828849995487,0.9316761677067527,304.45165569489194,7.18655557938073
382.07658460712594,4.920340649710058,2.2830890850619645,8.71869099757182,0.9857179256998753,118.74076341104126,0.8625036073436019
451.1102277086097,7.9211273599134335,3.912073140668411,49.01960793022989,0.9906143254765767,210.46782312835978,13.984076561543883
345.7596330983245,10.56492814624228,3.632092781242065,17.854164505073815,0.927690448737781,382.79059498228645,6.389137464670863
315.3959819657586,14.117501743957941,1.1925315785293478,34.700655303248084,0.9983521472715222,125.07584864874634,2.5089594507307384
357.9502905827536,1.7469306569808798,4.17124906245778,53.4043498158802,0.9140711528048758,435.73539694240094,2.793844977158203
332.2442574508009,16.18879757927181,1.509982573264973,40.79825529759568,0.920201566840249,101.52796906343325,5.105169262777559
485.9395304685146,12.930107400327248,1.5071792667018038,34.312678260323445,0.9184224839238027,198.7295476807609,11.53493371842069
461.62407591288337,2.5534216070285662,2.916384903020361,22.838356421345658,0.989398971000787,396.3616224608286,2.3111887852356503
426.6807513020847,17.59799385802877,3.168229706787664,23.315105218200888,0.9654292552324962,226.50805989172272,15.200699377725401
474.29211803754356,18.49657561010445,3.1103879352701505,41.821782535900454,0.9152104283222273,140.7569552264054,18.928127386061142
460.7344153798229,2.1604812372424114,0.9116907682898969,59.67766486716421,0.9440323418368349,244.09356752017115,0.7171569899067964
337.31401177720716,6.26067531479687,4.448573881836712,41.40115544171582,0.9615298025069802,208.1573145538102,4.396554851782901
478.51179969799557,16.317824316068165,1.6952001916491772,35.67808795535137,0.9083464084989383,437.08476086422195,17.24084268124113
407.86844838313016,15.216934117289508,1.0828171457726188,45.18577806315854,0.9882416368407339,225.33916703405725,7.930342940019102
461.4880310328125,4.505899367771169,4.499366359410398,30.5863086756045,0.9803603535441535,415.5729887104029,11.884832806856702
479.21825998469865,4.977637143397496,4.80043174203389,8.307828843043186,0.9505206773576639,456.7488579242939,9.533423051451503
363.60069499437276,8.038969953036258,4.379574277694528,35.92632487328504,0.9967126615259171,273.5269678306118,6.63579690460549
322.0103849055354,10.205936718629406,4.142822336261951,57.669390647795915,0.9417760979275099,463.9772575417568,2.3053599138097725
345.58703250838835,12.746840659075623,3.4485889128755978,14.64166182967128,0.9984110319036498,250.92722158527715,5.487045491366996
385.42155772525126,8.009359151825675,2.978858167741127,42.95026899513662,0.9667919998803627,485.6313665960433,13.021113248838995
463.60295318449863,9.78815960652981,0.8914404196013457,16.051352876248107,0.9634671273253942,135.71580981022916,3.275974152232144
472.1461166512687,15.201947824541374,2.338039458818144,34.47052264601947,0.9165954895295785,374.80770660129707,20.02228223258095
301.3904261062381,1.69698085492136,2.177098326555413,10.317204730569578,0.9881927758304644,297.52561618277144,0.0
402.14946051551317,5.796301942536394,1.668892026921468,29.770401494200183,0.9427489687920615,255.05952218225883,6.74641508223762
383.4822006297558,14.553642131806496,3.755390511598632,46.58898308923853,0.916223340578248,353.08475149944036,13.215857094351492
344.42156209414605,18.008929916056786,2.7314408078544687,24.116433833144015,0.9012607519975759,381.5428366537325,10.61760461101934
323.97307346673654,10.721871400197656,0.8647079715844157,41.57014484679699,0.9559755683638382,101.74530786012363,5.51666342354684
367.5230342807256,11.110156220040997,1.490824408774151,48.7497478434351,0.9527399622122676,166.78123549887948,4.745137339401648
488.5819407825038,3.036268215455745,3.574664436468182,55.994780071369895,0.9719353622369159,385.21842025372746,7.223017683053997
364.64058640415107,9.500834969645638,0.8425888677063509,17.905314502049944,0.9890258053017802,366.55416543128257,4.6195431991359435
403.7581243486732,11.11972806264544,4.3304311132194595,26.962375369511946,0.9079406584643029,486.4190020514709,12.688014153285264
440.6037917790356,5.606939569059864,2.7281593715628842,13.382880733172959,0.9731496490340362,404.4151161003132,5.870684246537107
372.7259204758588,6.115621388038238,2.662639597969916,59.58659261871064,0.9187411944097582,480.3090830925352,8.514941382656684
494.35641654419214,8.16839909898783,3.165835030967829,55.98505323583624,0.9858177053157164,381.01620061392276,13.75675165400561
492.48945898842226,1.381352757776801,4.211064346663171,34.69764216543078,0.9819063513861657,219.22088345577725,3.153150844842855
350.3564591650728,7.119504146080388,2.0651414355598687,51.31183119070317,0.9540793754985545,142.14596890034258,3.253215899598456
399.4497011784771,5.017512132934348,3.551072686515786,33.65268874996232,0.9710242798623312,412.72954533797423,7.272608838661899
360.17566196335395,7.222449691380378,3.04579383798106,39.297212840151786,0.9314350113183748,357.6596885903664,10.051371067464869
356.9680988754935,3.275480504565773,1.701627215762396,9.901843766380914,0.9471167898932815,119.2744049573185,0.0
307.37738947090656,17.920018334058003,4.453834938598211,46.539873127324434,0.9821636897710472,244.02018636039134,3.5643728807756334
421.91286679597937,12.278256617526925,4.088417097231177,12.024241599937916,0.9459265197173214,482.71992619371446,9.182648217937219
400.5358046457723,13.902944063745302,3.4630332559629147,50.433719663889065,0.9357798265325442,300.1604582840805,14.83973159865036
310.29575024999787,15.994253533539428,4.327617780924088,48.011544821871226,0.94942124472503,273.09165440788183,4.135915477097084
355.7292928473223,10.470401779652088,4.402823904319111,43.98095837586371,0.9828249252437219,283.0798420637176,9.977743500094046
481.65317719333075,2.65148547366105,3.6876333952176568,6.988820928861916,0.9335208047370873,183.55308960206548,2.9462987278832014
347.9123781333945,11.205024294552407,4.266559977636524,21.672059576993075,0.9173761593135744,247.4828683459181,7.674135099911634
328.9789744182446,12.149981242396704,3.6386215775117763,19.471191345096358,0.971201402033078,247.92530239487064,3.1840756125539342
397.8905520555126,15.16335000950227,3.560633472921352,24.80750241093355,0.9825978212708082,120.94200807498896,9.331525675483766
497.13009082212017,9.201531378363908,3.2837512019683293,9.82035107201112,0.9100637478523533,407.0270514071673,5.340248847613246
348.4110543023001,3.4240257531157114,3.8872248780093854,56.532680266708454,0.9239874112755945,266.6017727615516,1.9385114618727468
434.4271094811757,6.391742210175765,1.2137229738188315,35.4591232391807,0.9141971989760994,428.8719547265693,12.38210420678345
452.32392306574354,7.898563631574067,4.4639184163951775,21.803837086191294,0.9347941411582167,440.13920044795816,14.299819954562164
347.5275087984799,13.272427585300424,4.423295874853544,26.83398343908559,0.9450350978905413,184.79762187946324,4.001736790685012
445.64326972237194,11.844787788709326,0.6316127736555162,29.596139727765962,0.9748826336963307,362.9413928680514,2.5646826541879078
373.55662654385065,7.765837792059079,4.216175377541432,38.03268833483395,0.9651147584881674,288.9127216651927,9.831221808484182
426.4611661187159,19.743789727066613,1.0799144036305033,33.362368523307374,0.9620928567478432,452.062695168594,12.053971065561484
426.7059421521789,12.509721567780856,2.0080348441661386,55.56655852679295,0.9352374946609655,186.29627167058166,13.267214464781768
407.15493681495167,5.507309042983895,3.845787153312235,32.33299155982066,0.984144755308476,371.1252801240177,8.505790700174977
318.05795401088164,2.933866979787671,1.2234195322173869,59.568690815282196,0.9471287167398165,343.100848901089,0.6083301275295753
467.0604991178476,3.9043236445023086,4.18085160853578,51.82837267598027,0.9979104938015154,218.12059102873312,9.284748784394916
364.1560129943472,5.673196839305654,4.244603800809839,16.46807828965347,0.9634142138295737,154.64036146046905,3.8531060836635342
337.30370207997083,4.052946091931558,2.783604801923763,56.182736805415395,0.9126264741564503,360.65590419091063,0.0
308.1550283109528,4.544773456974809,0.5287364227257512,11.400151883701184,0.9676177562075434,395.4389832529323,0.0
418.1785886376484,6.416808205183095,1.7916715992871075,49.95973396701554,0.9325104015431699,226.25093750534,5.733076249858028
435.5128723684565,4.294098310600342,3.27617113269084,25.934281141211905,0.9686327196686098,357.9330416089255,7.504334957046623
303.3175657855712,18.03854306790208,4.915337801123406,53.28858762447882,0.9069641148162406,258.0523630446013,6.8391149353018745
402.4186116598562,2.5244411675712017,3.343160871575008,52.74311795590977,0.9174881437175959,385.28275331304707,5.661680030035835
345.2991550395876,10.96571640183484,1.669116114788719,49.32589700646916,0.9855737258905787,179.68610995762126,4.630803450846226
429.03455808189,8.79753971280357,3.353025663948251,48.451673996888374,0.9227179557023515,456.08600105446976,17.220333571904135
334.8732858009983,19.66519372126352,2.92993420872135,21.757352650392242,0.983704112524294,214.9638385862319,6.397252244792906
438.1875476204932,3.1287391411929946,4.009304278180146,9.45056056781887,0.927927608845441,247.11439510246117,3.408721023278574
377.3470692601075,8.55925638186909,0.9814128747213129,27.16390983208388,0.9642881910058708,123.23678083213991,4.536595257017795
487.3459977473469,19.41993823223201,3.924625561259126,14.543848324257977,0.9694150573509831,144.60488492851056,15.907732688825982
327.50418882919865,17.444635391985624,2.935699604042496,43.2223098896354,0.9512654753145053,306.34476108493124,3.783681049060114
368.2132702100517,16.52436934803632,4.8334640173654755,24.035484959578206,0.9305310676696732,207.0370706911886,10.23606941796408
322.69470424811783,5.9001537138538565,2.0384247471740875,58.65856104729532,0.9212644376371096,434.1920902968778,0.902762280798991
484.9387236557126,4.246864160411251,3.3467985191027667,40.25346425399326,0.9033189354562426,105.87735546198154,7.966730570135092
475.4678706761962,13.70422117856419,4.694126474795079,50.236430999889855,0.9303946401240724,251.6376194687745,17.876622220044542
351.58832554303115,18.65814379342413,0.9612937759580567,12.288857000801663,0.9653162790531283,234.93821870763708,1.6873795794295896
431.9968092068358,11.578494967264666,4.71752819256403,52.41079652499424,0.9938304818448482,107.73105236704042,14.109486021437418
463.4444400402432,11.860641099928097,3.59548575035366,55.75164547823669,0.9871204482263052,149.74735960020408,18.61490267818984
411.0401623198925,6.3196027795453995,0.8052667659732735,31.788405535041473,0.9766064776535303,265.4570699674541,5.441059725351167
405.9301156712013,15.620365730646801,1.854336051260673,38.34391157630376,0.9788447343253299,297.14583377897867,10.047541668598603
348.37045818009034,4.553831222592944,3.686774398903767,47.06453904966475,0.9664984903475995,261.71589890194764,4.599082383657304
318.62055356117986,7.14990549168063,0.8030777066094726,14.61612449932269,0.9260286857566004,312.37507136483754,0.0
479.44315159066537,9.083292333711919,3.11976707079323,32.64113420548934,0.990719503070583,338.0526699622726,12.557196759471642
480.0836114326661,10.644597195004646,2.0564737562883053,26.92646652747722,0.9670732311905834,103.96952845113425,9.294987717763911
426.62029145465357,5.605784915886525,3.294119829953647,13.0505695689237,0.956044063098044,285.63806378140157,4.5515145644522885
367.80595820974014,3.181899670044867,0.7058391521563079,25.21439322603423,0.9110989469213481,485.3996963550353,6.261516090340256
369.84191492253217,12.60178080639102,4.421915627685693,8.749477016202146,0.9447055543806425,307.6129120518195,5.608683102224537
445.1911357740479,6.48398051156486,4.880700361298286,6.419654882221784,0.9460358271201926,371.0169069835813,1.2497250321618059
479.4220519905154,12.043526207029633,4.8599503487856115,12.434145903515251,0.986456360952267,224.7455431667533,8.579674175630947
477.4172848530235,3.932891590209844,3.873433242843161,57.97133113740456,0.9546648220187789,409.596551261105,12.412883309504467
455.97510917152476,10.141661935241531,1.085388080587844,35.22412447422593,0.938040054897041,409.168592750446,12.76475561730361
428.4063292308576,11.119199218480132,3.9121843816806017,58.1202188634271,0.997680032851066,308.5184190616556,14.56579397319124
316.8279929990098,1.9846471996261112,0.6106411240646068,28.78738330815726,0.9110720593326316,490.4055293116854,0.0
332.3257428189228,7.395481285684491,0.5995559818804876,22.149887319689277,0.9422548428311944,150.22008590506135,4.643733919868304
479.7108377054158,3.5538788618405106,1.9562459861729355,32.837802456213424,0.9042024675171405,106.7790659558324,5.195776459510766
421.285811931918,2.2041244389825874,2.698894356820996,29.173142874810058,0.973990412076693,408.0632847028384,2.2877818437785695
301.8394103233259,19.80924441540896,3.9668333801350695,10.811557634395916,0.9918076552199151,422.86221494595304,1.3506699749742517
320.2943085732064,7.124723054519737,3.5748291947292734,40.24544730796134,0.928003732955049,148.0828916482305,0.0
432.70035382161115,16.387614471238063,2.5065621786953676,16.88210003802798,0.985834167679912,206.23313318344242,10.248564960615356
301.01231676924374,5.838172440511514,1.7313199982674965,39.07733751938063,0.9292218230461898,107.02094534665156,0.7358178550434186
332.1616102834997,13.948551722254656,4.9870602507097,40.761060081898435,0.9910770161643915,217.3234443122259,8.302152587880698
409.7467578733172,15.444329337904044,2.417815860061878,13.361366922075646,0.9753961903596784,409.2567495674686,7.216124018794405
438.3790395385387,12.317136071549042,2.5312416094835397,8.374229491086748,0.9804906776841439,307.18421108503156,6.286150155003518
430.3922519005201,9.959947582453008,1.2363071953625113,47.94188723376419,0.9018006555600455,239.23823726731524,5.9293537523565885
344.853861892112,8.824977368798102,4.076642969374682,30.28902330731261,0.9962810357074026,248.69571796253211,6.55145272497111
442.4358442695072,7.62849706431691,3.621570016016699,8.199008752801168,0.9726670992070323,100.54145028618726,2.2330239832950127
347.44981749936,18.66105374070869,1.4934632575494218,59.717647444337196,0.9304751095386133,219.92021102609436,5.757543160020367
365.07993963185356,16.781768747966854,0.8707147052712921,8.177930854800165,0.9829394664858847,358.5834966551722,0.23539062888156037
449.29828102360483,19.33551130266374,3.562246859336209,43.22693758722043,0.928152119841493,489.67777752654285,25.789335848640196
429.92657980944296,3.36164724622535,3.4453004642651086,59.10234088948775,0.9872753839566129,438.8243307935598,10.021322749250011
469.84468209883556,14.88648202886924,1.729667871491942,18.15490573187591,0.9112580390411937,109.43798585821165,7.311501113004729
431.5225784600687,18.82846867959972,4.778886030126847,12.82371527779579,0.9703685977460795,459.4242418699357,13.06876737817828
413.6617206670943,4.443428257147543,1.1797605130140512,11.67617166823359,0.954069847664491,413.2793653194504,0.0
318.73495356561847,2.2634290799687724,2.4455066046917087,21.680133116217757,0.9096534470195441,412.15044942839216,0.1795255624761446
373.5431606118867,15.081292336511122,4.746271640754195,10.557519605585568,0.9241893828258839,283.1983036014286,5.839785313845133
353.0404735363451,11.914989150418325,2.3887729261675505,43.068873793177254,0.9012404036277315,259.2021171818011,12.529057190643588
348.7979286758167,16.994746758407167,3.373366764488385,8.426048897153448,0.9468767965464506,221.16629153327705,1.3103707225584702
494.60211095048913,3.6556751558995004,2.289174790832574,33.018217048238434,0.9301265260760001,126.27794358174631,8.248632438487636
378.6195449333521,16.110078925337913,1.7339684105690152,59.818326961913726,0.9598357484297759,191.29414539747964,11.90403710313939
478.40931103542266,4.830919080907146,4.927899415819227,49.76836482283103,0.9297237807708617,198.64145399120986,10.18963527974341
426.2277251994526,4.109462914448386,2.3420030284176936,38.8370691027056,0.9299919111506985,293.63082788408065,9.825033458816694
458.96226070832967,4.121050160688866,4.523446416556105,21.843949143263643,0.9743193198731603,398.9777626386776,8.231666907999589
400.5274186210384,16.47691968439626,1.5347957265098877,39.314270996040115,0.9048142835978353,289.5239313591786,10.955500821952178
415.38077692527185,13.638747193227802,1.4589711681128748,33.98728051514084,0.9902894995191988,123.13777977886424,8.348875030588617
398.5035387637728,10.938243070613268,0.6401033729803012,28.434586113970433,0.9852263874391182,483.11592039528153,7.010333286177481
339.0485975596089,7.817779198346547,3.432500714191483,12.189070720710971,0.9667804683226406,477.0897276376449,5.607394795258068
444.4904230523011,17.66681027544906,2.1583685467569254,53.76323183822567,0.9593221570107384,414.07581725936336,18.76573802441211
356.15447248817117,8.456457041030072,4.389612124278367,29.73815568517274,0.9892302498139652,496.53116062568824,6.126821184106351
304.86319328629077,16.515389349959964,2.629444580112007,15.704238150142078,0.9185330179528715,317.79293312010515,0.26948637367911465
429.09445918143354,9.34356326283415,4.856870425616248,25.226764298250927,0.9078969162190829,485.10734010128243,11.768628055172716
335.4221358814098,8.161944159073244,1.3348648206640452,27.777136389090987,0.9239510169909538,130.2420162467003,2.1085868418391023
488.09171687058284,9.790915927722523,4.4088042558002485,50.51458425617809,0.979457827870019,246.27229930454854,20.08938398748454
490.78571540051746,6.7261796091187,3.994685837562838,45.348790930877115,0.9034670266726483,190.15250720270635,10.67472868265678
482.9728780440897,15.204578223348772,3.969148300898234,47.31176915027369,0.9582806835083489,178.33323365370802,19.184792735707052
374.0317400510889,10.551687411757104,4.301524526525995,5.606719543575597,0.999543751619131,156.32117955707042,2.8935029062618387
303.09132330577347,5.412041207789529,3.924607959243495,27.888469899886882,0.9855696093837539,348.9654566263987,2.0771911844117454
485.6637125175451,18.0919168922168,3.3179914473413694,31.4739283399428,0.952144568904359,412.528742298922,17.549421744127482
385.6368296634629,8.293933206091017,1.0906019495707442,6.055575225268118,0.9063640909286642,331.31935976814424,0.3608342232754638
493.33096380873394,11.327504361165783,0.6463678077106336,19.28972648097688,0.983137351438571,158.78508383528387,4.207705241031781
492.7239954178506,18.222970108326393,4.643815315170591,46.81594027171742,0.959897850817721,424.44950797338834,29.817555947545024
470.60189109347203,12.86052192236585,3.2749264153433213,12.541033815094949,0.9114932997059567,354.3818828654914,8.848919369867275
358.88977841391716,3.2210627734589172,4.084417809392793,34.44205722989254,0.9093857284823357,255.2662824507982,0.0
377.01954572038505,18.856810348656026,2.666850581806475,16.83610296094806,0.9909626819436592,369.6521182144252,10.803839002179075
470.2273343033714,12.926453008356939,1.0278868503307752,5.66664260541413,0.9669200262938078,203.96199169713313,1.149844883810981
363.38440103125555,7.363206678484636,1.063336064911477,18.26608016797478,0.9829286799316755,238.0768833976842,0.2500914743764402
333.89854933721847,3.646169380604358,3.5850437925303713,58.67305652005296,0.9878978900282267,466.9943372527961,2.3797010357325896
411.36025249167005,16.086478596135624,2.436376527047582,49.08454115356443,0.9571772352048322,216.20180226856814,14.084629019812587
487.2309548321562,12.781382362641757,1.4023612701515153,57.77671543765684,0.9517446351755041,287.99530726317465,11.912627732759615
439.2059593349946,11.135760747550108,2.712175460336466,31.831972415949934,0.9430427410320991,456.0564549584059,10.933761336566903
414.01223401787297,17.983959077968194,0.7889402168381034,11.035490927262693,0.931694658779112,383.088540107011,5.439590517561684
319.43529875415373,15.983347013266084,3.1188713086147946,35.137771893553115,0.9434595960858712,124.88129046588111,5.871942867644868
423.00144533983394,3.881822714922272,1.7104703199579396,29.99075340079785,0.9773879655730157,158.92121771158813,5.423302162981157
498.01077002085265,6.922719288115417,4.089015952867347,51.439639550678876,0.9601923431015131,103.13663630876673,9.588142740797702
328.0168030473048,5.721293656474849,1.896628815156082,10.394541943133452,0.9892523289954847,352.36871609166536,0.9248732230321164
403.66593047274733,15.134979558880863,2.548490670868105,31.8532625361978,0.9443380014379188,279.0693701641673,12.663746560622057
475.4746143855911,1.6371162599798081,0.5522924295864529,13.252676558169135,0.9607089578718754,153.70994036091022,1.732278000179949
448.1537235508409,11.827904012555013,0.826010995075515,22.857175978953297,0.9631307553091989,483.1736484227082,7.8426829018319415
439.4031481990536,15.486715029073121,2.266221003830082,45.55463925632898,0.9591697162306325,311.86388957824795,15.285439271036907
440.49681679742184,17.65854709847324,2.659724756227056,31.18099711528216,0.9702633773085516,196.75731764515567,15.107724630816763
371.89823024395105,7.4995532256022415,3.2000924665368666,25.67385568301731,0.9237433468374806,300.241428461883,7.577217410332077
358.71836885289866,16.603888788768245,1.8124816041918645,26.696195321351944,0.951236377754579,371.84813309404313,10.686467495100326
461.8722310957027,3.1020030021489373,3.6274184875694413,30.269572262329266,0.9104224802808348,130.49568718942578,6.191721259749589
462.02267893583615,17.082593542955845,4.37055078735142,48.175909911038126,0.9384511327644812,209.8815260191568,21.484507884288636
473.41446371602075,3.4222845843076657,4.009329450020074,54.06465789171289,0.9487667068621265,422.78619635359746,9.317140652886561
482.64811051129425,8.548458520646978,0.6782847140676072,57.543407757716054,0.9652224259545472,283.8659481610645,8.467709390292615
402.26847977218756,16.148611949811517,2.66228126266023,48.27968624404123,0.9950531052586203,318.63085681291795,17.286566149014003
400.3032589374399,3.848431119626702,0.9721858028817869,22.3473792661407,0.9600651066548356,273.1264008837877,0.5723598878074485
459.65903579335503,5.355776509420188,1.5892025713813736,42.84740883475982,0.974359391617656,117.55997705720205,8.953782819847088
429.992786155553,14.72279879946826,4.939981669702159,29.068171823046555,0.9506266059495203,166.2999119280624,15.343801815138933
440.3933754515407,14.680694194375413,1.1412299430568096,19.006884212532814,0.9634104031376332,278.21665549675635,6.0386306071801386
459.1585338872202,13.18180502482065,2.744996690531102,51.24793686842575,0.9070932216133774,183.67418616317113,14.216136342901049
478.00106836351324,14.185020444874901,3.281700804431536,7.113449192927875,0.9254391580841848,119.9916114638715,5.903146338882546
367.59903137030716,11.311764423604327,3.6610923674484677,54.59690956744829,0.9361853093205139,437.4598656207295,13.513629008198745
375.1165905279888,5.784182119232103,3.0184190756911136,30.381260554360377,0.9472493355006514,492.47701166564633,7.8187049496601
318.7963879681738,7.56822387657447,0.5439688133863265,40.04608122445542,0.9045648745502384,417.2571495986958,1.4669986209854584
415.6560281992348,4.450356619227088,1.9690758870979634,41.26446572131805,0.9140024097553318,441.5139686818668,10.172299045912563
307.1884547593484,18.26056066533894,2.8297023952312013,54.2314757388595,0.9276814307791306,196.79085212681815,3.7493614876820898
393.11960362649205,12.084444100556288,0.8953992461517501,40.016832519196406,0.997153269090105,484.2507902052799,7.671946097063024
408.52892694151535,8.616176918509158,2.0778211904413135,38.766347161803395,0.9331347007103051,178.77028178137135,10.23119935958138
357.30825042565687,9.778110269238521,0.6494139895611495,8.665862230837948,0.9482041058112083,480.5719241447329,0.0
418.1666521138022,18.99838345262449,0.8536032371975933,33.512441206986225,0.9196097712738394,497.9277175863804,9.297649283220336
306.1000499878099,3.9136766592055237,2.2861547429071822,13.259295044937291,0.9610780071075768,384.6891222984195,3.934474664667241
307.4696377498429,12.138366808319148,1.0972208931937715,45.55885727968171,0.9280683215515975,492.4574927167288,0.5679174374816998
464.5201121319316,10.611884898804854,3.0539338171770116,33.172205644697094,0.9206992578438427,327.81591182684144,13.020855463795444
372.03812828225256,12.617630473258309,3.6025923611176958,42.412527856459434,0.951657262844598,203.81671327043614,9.248368207810215
325.41210253037696,1.3440934925959698,4.102640145990873,7.292009533131135,0.9005505799160421,274.79835426624834,0.0
404.44865201096087,17.57035426993888,1.4006760991016454,9.663560882519176,0.9007664032649225,337.42437415151437,3.074411517059967
453.99871061972215,18.710247367188636,1.253671620165814,44.39778634344752,0.9219068809101858,129.232624810806,9.329621667276186
343.1642054993686,11.73753048819497,0.9705552815048011,8.964638479927036,0.9036721362500821,348.9373058468984,0.0
424.57809516380007,14.236365653660952,3.363936122946365,8.919120027089223,0.9108025754130692,492.4711347049178,7.918077805321588
317.0694929987536,18.52748824236862,3.679140769191055,5.66596613791881,0.9338860649338752,176.04305991349105,2.8201828494237713
310.33634423372155,14.437534051954573,0.6421376517153892,57.60757690647141,0.9802585679579813,417.0380465153533,0.0
406.2709263136296,3.8982418153709655,4.712955108096605,45.562959770245385,0.9572048643369301,463.15951751184775,11.333561257855875
408.1270243220213,11.94947884316945,0.7338707764316259,24.42882746761353,0.9512667725956416,477.48063712808835,6.136216998516536
427.4859802996413,12.527585881274263,2.935833508854817,21.30945697082104,0.9293488823208121,484.0542417621789,15.412030935232902
445.2182667445323,9.058482754745334,3.6907723375291237,24.233677636021724,0.9931753719432816,308.58385548858877,10.90069347570608
495.1704158925069,14.992440476869733,4.419361056857385,47.605944214965,0.9397015041237192,490.9231631966015,28.135228706788666
403.2600696602391,18.752973280611283,3.7133911945959253,41.375383608872795,0.9087092766795771,402.92408285377553,16.002089504090172
364.5912945882492,18.58580174522875,4.107776373814064,15.185756232710737,0.9617066516117802,164.66857449478476,8.657762898931093
459.0372389537407,9.56594805667851,2.0275258664426272,14.57601344337464,0.9113838393476602,290.76004258718797,7.3753634258597085
354.16645025241485,3.15152287097435,4.166713011859305,10.411760734236852,0.9345223142801692,387.3324701488016,2.9144077403870132
387.7942841411272,19.711982780284355,0.8605168087310382,41.3166495835736,0.9507411938717809,198.93612632763333,3.7382679288865543
315.6912762684532,16.93906364247275,4.526674952272375,47.040496422195474,0.9874222524685176,356.24607341955493,2.5883420049175543
305.0701486830915,3.36859094286207,2.964165692691813,19.57755355787522,0.9493546580340119,366.6401916186477,1.5168781224893204
492.529682935585,18.495995769730072,4.177839964831222,6.151972856700205,0.9702258766031664,165.07989752342635,4.308966839878732
467.1960241024412,17.528030879180438,2.535432280332351,9.519441711203504,0.999281683899907,326.03412498110254,9.823378618596315
439.1948412187396,10.85792308539537,3.3960996283843623,58.23230191647668,0.9131489119897982,408.6507643914431,15.088371142471502
381.79058888285397,12.234233279153656,2.8688119742125093,21.249462761258116,0.927473152551952,299.5582658143768,10.236343333181933
334.6588640141692,8.581051373532475,3.7921528478989934,47.30727313109735,0.9394576075597647,104.84124671044297,1.9547581368294598
331.2874085342172,2.0404711376185953,0.8673349191376531,39.35649628698451,0.9421828178538831,103.61538763171687,1.6321991348427476
350.0485796329191,7.368747591272117,0.7715843779575371,26.006680180909274,0.9411021075265545,242.81173758800486,3.2007315124045252
409.8453329412241,16.254215523362216,1.611964553045659,16.312799420755532,0.9907611002556554,470.4776273727128,7.849110765158057
442.91918454001245,1.0880084370874543,1.2179510605093475,11.676252998767353,0.9714032644466857,191.47071184144352,1.8166719914488796
432.03947534354626,7.336484262131739,4.423026049664908,38.82571324213767,0.9607905214090704,353.74547554867485,13.423604620714164
355.98677938918854,8.565205178227924,1.4864629431111993,47.604857935078336,0.9309372717862783,188.83034827732823,3.5979150135759985
490.9730561326388,11.210516455820535,4.891393651186091,40.41473394476219,0.9823790384221295,228.66799586381944,15.888740181535903
447.5793833391537,18.47725671184245,2.0160310629699807,34.16661732870371,0.9955060511484989,439.2168358405936,14.53912100419175
410.87081050228016,7.580573892953264,1.3195306205991468,7.307317288739995,0.9821198282550226,391.54457690797875,3.40125454392055
422.3441492468705,7.5921108360283265,4.053643282141156,58.26688276769111,0.9001565105191474,138.15971092528426,7.220294587476003
383.920012485558,15.01252371408522,3.4641849897539423,48.9292805410016,0.9636401370183407,271.48080839457344,14.371004979509497
349.5461979002315,9.592140876906337,2.7418807240391256,21.10521201855306,0.9051135381442101,111.66790545810579,3.5306896446573
371.1945357302523,5.267491635859657,2.9991359792193406,58.89836811473678,0.9257607220333722,292.3560586412036,7.929616638876054
451.5692220928738,9.596350806521174,3.736408002225187,38.10348742999771,0.9059524700347772,364.97360468042723,14.474996808105711
302.87869772595116,3.6762833872161975,1.5280463359908443,37.033246201398555,0.9603795452949387,147.40104943926062,0.0
323.2145281013832,4.351352743618243,4.9835026222553385,46.144024868624264,0.9686589913492607,215.55397556366626,3.7668332582401325
309.20052840435056,10.468987682050114,4.886569229660524,49.64733834495757,0.9114487638065906,259.1346502008628,2.4708215590754827
308.14576046379403,8.95958354058641,3.426465588561216,41.10632340323264,0.9383838883044979,467.8124098624199,2.2903329143276148
471.0921168022014,18.382072120293902,1.3979410291811531,12.045266050141002,0.9456236508955542,497.30200616918563,9.460705044553677
440.73157187600475,7.88548408321603,3.561027090940811,23.604712829697412,0.9369053021760917,117.96451959824634,5.194275258967744
394.83476581746504,12.031178655282826,0.8248928404062913,56.04460021793273,0.9121025000485193,404.4031693981568,7.850103978781452
319.5668321302003,13.013021470471077,0.6379362599261273,17.353858651411855,0.9418947790187475,248.68962656093728,2.052467576888736
398.32317502336645,1.2487946751783392,1.6595729983004617,25.469186311063233,0.9751178047808419,256.98327449179203,0.0
394.69435415611315,13.607210068317501,2.5818033053269236,28.76422856193078,0.9071007664533256,401.7059893388091,11.434732439158152
334.64037398200304,4.382683370525277,4.407226274337712,29.16727443319487,0.9080180014081903,467.3705728581635,3.2202208659713873
386.7703298475946,19.260336031919646,3.772260813948386,38.7116770371989,0.9354771291835985,480.37143780101934,17.617344484174772
379.7009468794747,3.8245918273091464,3.8421793453999147,56.86917107595892,0.9941725711618925,330.84903441532833,7.1248808297527795
423.1700196104433,8.877858350813451,2.4147200050163393,18.23809915078777,0.9668572646722914,242.84846372020112,10.461517353613647
427.01873017352875,2.6216436934942333,2.056707466461333,11.682575696550494,0.9678669956672565,415.0196343435117,4.612883382752091
309.06080195440893,19.940610785072998,2.1696744334307123,15.860876942296553,0.9361919990837865,200.4005533049201,0.0
374.92252292529423,10.54170519629361,4.94442303681226,53.78086951150982,0.9593660791208538,325.6296115334071,13.66771659111052
425.1719831428473,12.312315329080832,0.6804913613561712,40.51959469603633,0.9010131184027743,243.43138460994928,7.548060289278732
400.62725171601755,2.274453070380122,4.401641732551019,20.724873408153808,0.9636096046409542,362.65242948315046,4.101828538866467
471.29796823766446,15.249248937584378,3.1040393385757703,49.87708164327395,0.9913286947576236,196.15956515740277,21.292663669585117
431.738726323789,4.988206268816129,2.473769386353157,52.37534979998898,0.9612573468344819,176.6371782939303,11.614023128410224
332.58688541628595,18.06303149937356,3.7636594718681144,51.55828862796529,0.9873698593466345,467.2956346701748,11.499840625904048
314.11374948008597,4.897653169158136,2.6900102364111627,55.5409593501755,0.9723973055466094,140.72147317981475,1.8629775546817324
428.4838556412631,4.623066692609665,4.430404571367473,18.873256109534886,0.912055841640369,302.38316309397266,7.929908420334983
305.3022621083244,1.6944436891138026,4.553158388050663,46.5273060810453,0.9902453307285842,188.34111318520357,0.5400164842988404
417.15511625469264,9.969271957089985,2.397744170930549,30.3296723500777,0.9066443844355775,115.57198533026698,8.4248544201309
488.0460482849915,11.731981531989712,1.7457250875577321,51.30992040895338,0.9533967472547764,114.40752731657055,11.090921697788529
415.0948355751758,2.248464149138695,3.16557647867013,45.066987243888725,0.9142137123793458,170.08870884233093,6.729477504466303
377.6339852413044,15.735024717205201,4.605635055275109,47.70460955748486,0.9011706610730904,446.7081418024001,14.107110460460621
428.6576436884706,9.612487860212525,1.4479798505254995,41.08890107245893,0.942203426012764,212.99149759081067,11.370241233353642
391.6505780983033,10.96341511722402,3.3033496260356725,14.758582320833877,0.9295040707654156,480.1836682301183,9.501910945510232
409.123357863187,9.374492191826334,3.3420209904163425,34.97648053933161,0.9486000493797603,332.6489171956774,9.386371469819293
488.29296175530504,8.614498156631194,3.7990086008687642,59.15683567384795,0.9577199886734551,274.6456759075064,17.30707768499989
377.22052756015484,11.63316629485614,1.0920545830726691,56.55634365734154,0.9043739072308947,332.03553386778185,2.2646016762703116
492.23811276478284,3.949564672683538,3.7212123410693985,7.374555468835641,0.9123003295123746,306.6793540905071,4.2576964135256805
481.07012839121273,4.456634479410152,4.5906463429953845,14.064814865119041,0.9558642396450425,403.5105015029301,8.050977813905492
339.1582269578593,17.37392679925683,1.3085739899160889,12.245082540000904,0.9343167353172659,212.99842638914092,1.2118981563466662
313.8722601750331,18.97619378053902,1.5689449621574494,44.928895049191254,0.9729173487549448,241.22015664012096,2.610408961479113
320.1556002754853,8.092877009315306,4.871277923187378,49.97819314213198,0.965229164859194,457.6377210133003,7.99984586248223
303.64436513030995,6.144148789727522,1.314396287192704,16.743125147086957,0.9845604362989907,478.5826052601622,0.0
318.88859215118566,13.235991321541299,4.344732920163106,32.821898112350596,0.9692492826669226,457.0232909945898,2.3330896028687795
436.6013546832714,8.765949250863832,2.7152503540161566,51.238666540616,0.9429931077390148,267.7791975829254,15.794006443674782
314.2377296920458,1.4823407575465524,1.6125398348142967,45.30408496214378,0.9672966622394432,412.14620120275265,4.395825372260621
363.79512605875226,3.966899349957617,4.4183745557263014,34.82304630205166,0.9275381174255418,290.53429332043953,4.57648599362191
468.9750621938909,14.603472348100553,2.5038736475119947,37.46912297523251,0.9306313498778213,299.0159408584409,18.751955710619026
304.65438714716515,13.519554896292876,2.8166780926836057,32.9598300803954,0.9788985159920793,181.8720436229136,3.5169052555380462
462.89369651778713,1.5148238575661863,2.1165501622989455,21.36516482253513,0.9446419516401582,336.45212130340656,0.795251686170527
356.37095495468,5.2174710767260395,3.1682788314571733,36.076209607245886,0.9798380340518352,174.45435910133918,3.639405478401341
323.63296552433127,5.390421135173357,1.2358574266326023,42.88869161275499,0.9822422373668278,232.62587962687752,4.021375462281274
439.34743307283014,13.76596212837584,2.2598669149329234,53.03276037234442,0.9857562337661284,442.0120806479741,22.446404184076243
425.7885693559768,1.374500217332919,4.862355450508794,39.99602446885864,0.9916635235841207,182.8303236843421,3.866186872618262
475.4944027054106,2.978063057706903,1.6616004471550738,46.86168453737369,0.9430985220513296,128.46331406937313,2.338160221823836
447.01420876077714,16.198405622090597,3.4553149904358147,13.803939922501515,0.9318866818321139,127.60303704512653,12.891898651653054
460.6961860769697,4.392348579032339,1.963355289011127,30.385661093088444,0.9582198746594114,476.31380820124315,6.482860952839312
356.4069145142613,13.40217604918562,3.980629065589703,5.513239090490131,0.9371172423437628,302.7681751847338,2.106199556210646
335.48790875594455,5.525472839887804,1.088931473232574,18.567337548689267,0.9601074166800233,263.7648287268073,2.0938129161146213
450.12295032817167,2.889386462427558,4.864194702853451,44.95539433121527,0.9705585862643825,424.3514324031674,10.605009530732
461.3669478534528,5.620271628989627,2.5420529362263764,59.54954732421499,0.9688405018492137,434.3303711642064,13.97709704885639
498.1010284001347,14.723071705257524,1.5622270850590878,10.454795477296875,0.9374552887020121,232.87641324624184,7.0107371443027295
382.5235353822853,17.25823289401943,0.8307353629850569,27.082187372370853,0.9166860201698753,377.4472229895181,6.246246037229954
374.40361715855664,16.77417742677284,1.2639105728939333,49.00390327845377,0.9430529338462208,408.4491263407546,9.207445132888248
455.2825921483994,8.546487062750641,2.8389827685020794,16.221959904589436,0.9142594144081909,361.86027474638183,9.80959742507263
368.16070805060355,13.693617594842276,2.0165142939407885,35.529672211625744,0.9890097035183808,160.63802992003974,2.9158077799035116
486.15146512071294,4.894701612900598,4.229975146471743,45.318921281632115,0.9345877460737858,450.3532334068228,11.644657199581436
471.68255036860234,6.5698068749592515,2.4389938564781266,38.879199764309845,0.9154459747223324,315.6378210944035,11.05197815403502
385.7988054750037,18.030380551901274,1.6192142266443346,15.341360403847887,0.9025447759905751,212.98897054800148,3.3829532050174156
450.17421355829947,1.2470365467039848,3.2771524397181353,24.54615127771567,0.9645822386286484,270.09127417507756,3.00846387688287
450.9085748169365,2.6246620862348937,3.680497475984506,48.10854814669685,0.9636902317454743,115.02843615956296,4.477599025920036
320.6247737671865,4.949838847774519,1.2516885855542743,35.48245827726092,0.9340604166581292,151.14672048896702,4.57767199400225
480.51058133591334,1.5041118736025747,1.2542864732974295,5.287628744860201,0.9071711888847651,406.21870020634435,3.7511173190281424
401.05047448957146,4.447273266706149,0.6650214212009433,46.85449180154516,0.9409628894895232,100.00465390214646,1.0617734518407325
465.2914932215483,12.077789658424152,3.813809067795382,6.942124521713149,0.9311217495063394,266.6263313929169,5.425152925331383
364.00992020612233,9.00706646125746,3.4871203742981227,46.01535805021777,0.967712063973501,309.00407243423535,9.131013135257572
479.1046456992401,17.960762510462523,2.6358389408741623,16.136430809088058,0.9605779249452691,121.85376800038892,9.623143359387369
377.84033574683264,16.53142767303038,4.298767020361387,57.69404140656591,0.936459372819754,489.23126518893315,18.289513856220026
302.1675302960597,7.494529682259643,4.1255156882752395,25.236741321614645,0.921789255425499,190.45013249986877,0.0
481.0763952838527,5.9290452351945575,3.134094639785385,22.981238898594352,0.9988035966155592,221.67948785451236,6.36402303847391
318.25733535722674,8.214155755178071,4.407220762309664,13.188842768284458,0.9454001621196115,221.57700490201094,2.7806491293990225
363.862727518083,12.215603907781347,1.4262854451654572,21.808231851961818,0.9688274235780238,192.16666484693997,5.940018371424041
490.012393410161,6.093209175634649,1.0036382872897756,53.21579190055103,0.9140552967578361,100.58952883452457,3.288580286492676
490.1214293875112,12.858829249133546,1.7138732518264532,59.798388569498606,0.9485589699659398,391.7379176351985,18.611330501579342
414.6875776246572,8.778821391633569,0.7568908524019169,25.25702417787666,0.9027536719869466,486.73819991971413,3.1649482515606957
426.36744243395987,11.488896436187625,2.890262876004644,29.67358470249984,0.950545511791045,189.717393314018,11.973256568672614
389.68910439566395,9.286404053571017,4.7147256153273265,44.71390160115054,0.9964017407117702,365.218876721369,14.981204593602866
358.6421543396129,6.594849431296436,0.6770459330082934,53.7407679255791,0.9384206712985801,396.75853078348604,2.613738845518067
365.7329090739832,19.020612832280978,1.0494946130451206,37.61743838027313,0.9038996012574911,439.37015163620987,7.797682692880402
434.5036912154077,15.508510089035456,2.534895627275459,26.533913399780612,0.9030955790919344,269.05167880544366,11.750097841518642
450.474905887536,3.6621503395625985,4.702437578875572,27.694201246674307,0.9387986759946869,221.1723622561717,5.681427417036101
458.3158087451697,17.500891542060344,1.9227024723953772,43.258998057324376,0.9160024936463195,230.11805360921244,14.3394725375869
457.92362855891076,10.26119276674076,2.782556639097766,5.177004498235328,0.9023352096328187,385.0485332394051,2.5259299442655814
318.2412206097381,17.996492310987737,0.6870778657267644,39.07741356029124,0.9756213613950176,426.7117866022544,1.3829469647437596
398.8840609405163,16.19724986299899,1.1675444043293999,24.552115574274655,0.9458523008881891,172.64558710264106,3.0799443926135504
311.51175200332887,9.079056584915435,4.939835553314811,48.680853220239634,0.9289244771972655,248.37640326310608,1.0737829452812744
409.90577646474713,1.4269168580822305,4.843034133962205,10.11448519027227,0.990008318301648,460.77607869966005,1.0228345561662575
388.30610027467543,6.1048698283139755,0.5222299142048432,37.351124682161476,0.9116138960200526,422.6774078778957,1.8559892345611053
477.54083655165994,11.291050078556472,4.783153034404576,31.453508943736807,0.9955918828955319,493.94336110499034,20.343995618543943
370.18300251041575,13.036086176696799,3.376039720169752,40.327903924787506,0.9313966717377353,401.6993038728323,12.083653901387258
323.41340328552116,5.899866023230843,4.4056323253400995,8.56694769656326,0.9888403672308681,257.2780804111689,2.156560377226813
328.5983364105672,3.6477654073836585,2.546329350352366,36.89910830854722,0.9602942876479461,336.2551335978551,3.926530186620045
452.3021263434944,16.863674499186683,2.820182128606626,35.88165233777381,0.9826707359741488,364.4057016989281,18.42488058212461
423.6436126632522,19.70364143336749,2.699809611156141,35.8363051928894,0.9984013163210465,131.38232652684957,12.36145626718736
320.22453522455805,10.98811346375103,3.5008891589574693,38.19182166280501,0.9288405437818746,317.79878364154604,1.6182014844011987
316.8213612229995,4.261906431117766,1.128430646403408,42.20573654744992,0.9961135485407593,383.72833138904383,0.06759436151984088
440.193826291824,6.17383920386801,0.6348811544270507,49.27439498244234,0.9389481894902421,166.92852160042415,2.4739724151916427
314.55260127283873,1.349422854401868,1.8856847371603591,19.84013960705179,0.9385511904736923,412.25268697022284,0.0
464.37201185807123,18.371677324649482,3.6710634323149103,50.37771755990342,0.9340387104254506,333.50911220564467,20.292673829447185
441.2484454312992,3.2372705749126816,1.4083405345532676,32.40406252448995,0.9541407607347585,480.88871427903786,3.6785929270610422
316.26975612838,11.953813034770818,3.530445949962128,9.238205352388213,0.9154145043178488,116.96891928275667,1.4557075530243528
316.9675428170384,6.207049193056914,4.864604207482717,8.220301108418855,0.9553711485358011,206.1304550221868,2.019387931763014
497.3279157002351,11.529382047800075,0.9225532210523828,23.383107528283343,0.9541704812410005,340.62155171992964,5.839856728230063
374.85415915122405,13.37698737868542,3.526709532013068,48.169333741130714,0.976190181260487,218.6239648823723,11.136102823856925
374.12842941337817,16.76509427043683,2.4968759868705703,43.92245141075037,0.9833649961937586,385.7696656284969,11.843077381798194
462.5599134515005,4.922004163451461,4.406640144698774,48.37382305698235,0.9440441350312424,403.6021130087724,11.504508896609074
489.44971547677176,1.2089207445111292,1.2971740525132365,33.44979810428852,0.9302333249351494,141.00638562658978,0.0
497.2002127645742,3.600826971307338,3.61681678501774,29.21094488755198,0.9259334897317094,305.5417856827071,8.20073319227306
450.6756370517883,18.100354195113997,4.271518803416496,13.109888968845617,0.9194623836704872,303.55622223642234,7.663004617536505
375.25191710618316,17.60391147368779,4.750763987633104,23.050601448512136,0.9057647582199025,247.71230808621644,9.390808165930407
316.70014333973376,12.350848941235858,3.5746161273034063,28.87106513956314,0.9342447978834714,473.16994502786883,4.0560298721046175
455.4293831854874,12.409820348239414,2.737286438037923,9.873023632378947,0.9270247692130783,431.0025279492885,8.41447741686719
411.680849947161,13.635696816378854,3.2803125809054623,17.13365739911662,0.9966417385866407,378.8837527638547,16.878361328031477
384.84440184939524,4.332054293845542,4.410072430154232,37.902391173505634,0.9557708826250044,385.730654293999,7.620997577084242
481.2708770189472,18.373826972574236,3.0677438598747337,45.46147128315544,0.9347277039030508,284.68645752524765,19.160277503023476
322.23949646123026,8.95663997294939,0.6367417686357659,59.90911312661223,0.9580467600993696,468.39780843863036,1.3548744577447995
398.52502085817184,8.279632036740452,4.6892691297814,56.321233223895675,0.9139196701345695,377.83817090131413,9.28030106145428
302.2707289534838,10.859436400373912,3.602870379642025,40.341085974435536,0.9444043749202203,391.59242466232655,0.3422761271489271
393.73212839882524,1.8923533687260459,3.5443102359976093,28.16864293117396,0.9626234321421064,444.6763615149381,1.6300801446786883
311.26065513636746,4.159384006365508,1.4705381857897273,39.9897550589528,0.9488897831792451,209.6286357368764,2.5082603415093043
323.7635832536144,15.022638712101038,3.4649846160469573,48.21083899441276,0.9401778800654325,422.8283615466812,4.837345650324856
323.505249355421,2.573174690577403,2.272389825443713,11.508490500786303,0.9993848388899699,178.09624118259683,0.3599673963065708
429.84206042321273,12.459890079861376,3.4305483966867145,27.544768933295853,0.9880314762148927,238.13678089795513,12.186257585400428
449.20897585308467,5.661633083945098,0.9796686363859582,51.189125709958944,0.962340595815944,234.2441817079371,8.526258811264672
416.6737530194319,8.396616666797554,3.460303870713662,26.11081235631742,0.9569377361182283,491.4101873556562,11.57139477352414
492.4345096949084,6.485180998643298,4.997361765968,36.45297491749526,0.9620660479824584,442.6148894991707,18.487023704854355
374.9741159047408,7.757781612834034,0.7169541748725021,37.3273148474209,0.9201312107822434,380.4679446361039,4.918975066791956
357.14241725637214,14.661872198500664,4.897283828995928,15.146193922350164,0.9395137743264319,390.82270464615607,8.145244063065183
473.71982563789203,6.645312596840325,2.3310858232529177,24.92294929087586,0.90394595328909,324.82911776102844,9.426715544367857
344.71916770389055,11.761688165641047,4.418390526517666,23.398120880806268,0.9475546037486827,478.83626684340766,8.287671677347406
492.64450788812223,10.044957641782894,4.02073467826223,6.440818969263564,0.9543024583957663,298.50350115294464,1.6265139334690062
302.4308949379633,13.609752141890315,3.051573174440005,6.330547014024538,0.922774973610321,252.2070839479578,0.0
493.9757653415278,18.799765047170403,3.8230214416309694,50.74333740216754,0.9964028847165514,165.2141347726364,23.747082444895227
308.63198239011524,14.918869846994756,4.4533200258560655,20.018894548504683,0.9909454610937242,414.4822609044232,1.6518224052546215
478.2286227396142,5.083867193224378,2.3186314474296483,33.49433214313485,0.9722143235455906,393.7775728302366,6.594479539111033
405.54022181726,1.5924795661644087,1.971649227034574,21.42990654738252,0.9533386628765362,253.74201540965396,1.6293142948949573
498.5929592238601,5.983016841696677,3.5041702350361312,56.737358481343726,0.9869969159647685,110.07736558369174,14.420739170452919
314.75931294707976,12.306480683304843,4.135306738735664,19.261321737617557,0.9130652343823463,435.5989310872043,4.906218193231434
410.77085688026415,1.9770904562007567,3.930283106494771,28.63112470064143,0.9790509794274885,104.56719338162945,2.6458719910132413
493.8605071238198,10.43095869682349,4.090161419863855,53.0001637766531,0.9124820813966849,381.4799118516204,21.57259717932924
404.6195688340298,12.340014129420895,2.4601249166581987,51.30634617354948,0.9794210662549405,488.10284389042283,15.915949740313922
425.8797276270525,7.3506339255222555,4.180253972787598,15.235577981545253,0.9275767568251357,275.0645312592814,3.5645594899136115
439.14973779692343,15.647331871170616,1.040940749167738,49.145382038764076,0.9877090581018189,193.9893619983811,7.324239563304141
390.90821295355465,3.0253668095416644,2.950200940823823,30.200278770584095,0.9944042093825398,381.9484040173527,7.832453640872135
425.5116160168127,2.4276178529803665,0.5259139722415471,31.56328796469454,0.9148795969405116,426.85125680623406,0.7484825944875818
416.86286238462003,14.835586367868464,1.9606362345512163,12.341398482876908,0.9462675605065394,318.57212643113894,6.6386669426460445
480.2316020981978,10.41433500791777,2.1490769069212905,9.433083256641856,0.9980987378162686,486.81411010245847,7.017174131142747
309.08927606829155,14.079645532126985,2.282777112241649,45.03666188355709,0.9483407435973147,120.66748866318444,5.297991275716602
356.19263791844605,9.261719433471178,3.62960243010438,32.30536337954149,0.9863547522514545,301.91823932181126,11.049253807379769
490.08229681531174,5.681638631543029,2.2485114557165558,29.026788643834877,0.958873152213132,387.38157892902,13.963000868929434
478.05275677818327,16.562944035809796,2.519121301801388,45.12295257588182,0.9375329907919602,445.0561884596716,21.69012793731272
391.1313505571426,16.188901700410607,1.5689485889344736,47.10320944451104,0.928578355552587,171.70224476311603,9.799701103458373
424.02651956030735,14.199232946234108,2.17963306233203,13.739949221814445,0.9203223091086088,420.00139270547254,5.764244912555054
355.47623659622656,6.170757607369291,1.5227133226841816,38.562383221270274,0.9761798191377697,321.0828302874181,7.241932422718693
337.62423194475224,12.214382670512656,0.8293816569579964,12.444474525272703,0.9386540506823028,258.6214727959853,0.0
392.73968098799645,7.858504041860509,3.2155186702162006,46.32562973159751,0.9511275462200751,152.68601143163744,9.31036854602744
370.67044560521055,2.7400593932060486,3.506957593497573,41.132533594692674,0.9492325480001182,446.11830356356495,2.1462783880585947
416.7312223701744,18.428957933782613,3.2877065570432653,57.61380415959019,0.9577279029233131,162.90928327188615,15.609009121021742
315.54692739299696,3.5995539874602667,2.585723197102576,8.792690899603166,0.9865577145624552,223.91514368363968,0.0
494.8789615332333,19.054509722595245,2.209036010806534,8.138009663318988,0.9980739343583429,216.01821278497476,5.942426122788008
497.2421488959206,9.474109686201158,4.385001423073214,20.520289108126008,0.9407584208573817,448.56561367634174,13.177392329759726
