feature_1,feature_2,feature_3,feature_4,regime
-0.5482229811949666,0.3498849041477192,0.03470438832833156,0.38830269024550823,0
-0.247754249016646,-1.0200092520529045,-0.6415814745105675,-1.8293744310787923,2
-1.2995645849115007,1.0047696179871204,0.6082323802160107,1.4953784904643452,1
-0.04858968734254243,-1.3155884134922227,-0.6917991693794021,-2.2207225236728863,2
0.5820745062891509,0.18097424071088264,0.9387327207314129,0.9588384745412469,3
0.4970919803325702,0.44181120486607817,0.9225912929115362,1.2822767953933871,3
-2.1414334759256004,2.639901110478526,-2.465574104352311,1.544933957767633,0
-1.5025868394524715,2.1213485666595666,-1.7912808349957379,1.405333837165193,0
-1.5795551358067539,0.12041762017089916,0.09874375383684475,-0.07279846751428076,1
0.8209713145478106,-0.6193046032004793,1.9279519457800598,0.5692098216858382,3
1.09965614815698,0.33335899587207596,0.5532279577858144,1.0119827363712268,0
1.3761938002155816,-0.8309036261399729,2.154385735475696,0.5363709386305838,3
-0.7965513578589756,-1.1409828494165837,-0.8107644792261269,-2.20448172080253,2
-0.2970988411607356,1.5300364165866542,2.6158220533991043,3.685657854633443,3
0.3068736695310802,0.8156312788148374,2.1966552758413043,2.570610125452954,3
1.7442612665242199,-0.09579600066398652,0.8898667481675968,0.7753400928878882,3
0.12732958558592755,-1.5300031791911508,-0.7197741650072587,-2.4932153854068524,2
-0.3081801341957875,-0.02155104971165067,3.604773075516282,2.2408341260162006,3
-1.7737244518079724,1.1425799722641217,-1.0148912080712489,0.542571877181129,0
-0.5449883127780324,0.9634210826141503,-0.5188903614845106,0.854440266518596,0
-1.2323783181532892,0.12775647925369582,0.260327753719104,0.10691526872875079,1
-1.5058687877537025,-0.4458067921273253,1.1355935264186099,-0.1488743231842986,1
-0.5659258705480401,0.5867436652406735,-0.16945840369915677,0.5708514826688735,0
0.8226101413363758,0.1957351306606394,1.6694860626666896,1.4959432193457567,1
-0.7336201249215757,1.6025770545763993,-1.152542688080158,1.26703584772607,0
-1.7995158678291536,2.141805880581499,-1.929270920183657,1.287626895006729,0
-2.0077620567659937,1.5335495100219472,-1.368958503849918,0.7942194749055271,2
-1.7948821106557729,0.7964606065554127,-0.7295600637262072,0.258538454525848,0
1.0045509812959594,0.7312524183095034,1.021577727183712,1.8302421015253176,3
-2.2916050235795504,1.961299172972077,-1.8987636517862874,0.9723177004817273,0
0.3136389167179554,1.441073927283394,1.9936893623325451,3.27981647433127,3
-0.7587286148365364,0.16830719782167325,0.12570847482853775,0.1637662817197414,0
-2.43468931749209,1.374284871202878,-1.3322145736013504,0.5237306685268539,2
-0.2574025932696422,-1.0122913989001416,-0.8331060017171826,-1.9445256513237186,2
-0.8257850349957188,0.5003335681574043,-0.2201684420043588,0.37314700096883313,0
-0.016382878718363858,-0.4013313324986119,1.6046593455766778,0.4948045268715979,1
-0.7204293302750282,0.8276390184433619,0.5950007739953074,1.3585181992969027,1
-0.3997391825690948,0.8844864130081458,-0.3984087124496777,0.8537702789954397,0
-0.785838205334052,-0.45803411912497183,1.6129244436897272,0.27886311231353034,1
0.40573557320221854,1.2115971279197055,1.375628744026675,2.5902313895732547,3
-2.3100830752949744,0.35958657762239793,-0.01698293941294815,0.035432685914959405,1
-1.1120194992173342,0.6494081761253578,-0.4069881169740821,0.39845902804885625,0
0.590267470292698,0.1529534956257228,2.501883066266868,1.9322537010684622,1
-0.3215219780896874,2.0177926884349726,-1.3570011764813081,1.7697648131444523,0
1.1586259639200538,0.16848571356042263,1.4428099141490893,1.3764198691548015,3
-0.30868613033309533,-1.0811755757871018,-0.8253697488325403,-2.041613007941348,2
-0.9679238582246081,0.13049971694682272,0.8215005817848162,0.5229005739022377,1
-2.5105998732228536,2.434550709685385,-2.4231532471525465,1.2271902183247265,0
0.06581603528349622,-1.2735094195932777,-1.064382523088031,-2.3832928023976523,2
1.224583699942341,-0.08713402890095101,1.2771590091446323,0.9389911834665133,3
-3.100231674413676,-0.9009739947958226,0.1314011568564697,-1.708845712017279,1
1.2412154569136262,0.26061479740064897,1.9761247044078525,1.859999477778779,3
0.6187810095032853,0.2752990746915731,0.9173007109302469,1.0784577303931857,3
2.1389108359850697,0.962947601629869,-0.5462840804089428,1.3426311840808436,3
-0.6823349693338895,-1.4287726422311706,-0.5104156426082148,-2.375022247291917,2
-0.435924089463271,-0.026206402079989477,-1.235143954013944,-0.915060270669684,2
-2.287753955031416,0.32317578075392267,0.6532095621204805,0.4236029784218859,1
-0.2085767143347519,1.828246028635517,2.966684204155258,4.328979375049552,3
-0.043265240953684225,1.5243849432941103,2.985629848927574,3.964797158919525,3
-3.067121417511837,-0.17237095577639205,-0.603902070608876,-1.200057573149297,1
0.6835502171224015,0.210776455473364,0.025150794968372026,0.42799103727333365,3
-1.3509714583791146,-0.18606073868627704,-0.7908822052239467,-1.0152916681300501,2
-2.7273831599737166,1.8850857189335315,-1.9559218100781028,0.7509272876490087,0
-1.2809080301364868,1.049680474046527,-0.792493005076528,0.654579145051515,0
1.9274160721226945,-0.2921441696383452,1.1182949547302663,0.6940293273310667,3
0.3838132020244648,0.24780504783429746,1.731781343636778,1.5232102826948761,3
0.6620636487419815,-0.9882709805544184,-1.0842072357359773,-1.900935107458118,2
0.2006992451306504,-1.2276598046009926,-0.922412782841561,-2.2046502078710914,2
-1.1900623434809754,-0.7740718222023074,-0.6658487253949508,-1.692968668006474,2
0.6410001101378087,0.3899604385437856,1.9303572365161652,1.890679526316424,3
-1.064375602175616,-0.34680173873142817,0.5221685495362329,-0.32888336595850665,1
1.3989341930671677,1.5327242854045398,1.1439618242628016,3.0588420176861373,3
0.333180620723458,-0.13998906215432183,-1.661991026515516,-1.1981967401880824,2
-1.4727954235522844,1.8235643241445314,3.5508109836736415,4.461330273191872,3
2.8753528797591983,0.33504216399285336,-0.15120536798020168,0.8944456358875952,3
-0.9215498024376407,-0.842685097239733,-0.6402368978225692,-1.7177956297088919,2
-0.3965390690531754,1.6690951276543675,-1.10624654620815,1.4497793296037464,0
-1.7498902690470428,2.3046321023139154,-2.0618151877999455,1.4298211461477894,0
0.47342173595139125,-0.25040008467948294,0.8826982238365024,0.32347864105437696,0
0.6506295711231012,0.7884630461589106,0.0772634603458755,1.2303708796611275,0
-0.18131925307053276,0.6111573606606424,-0.0953395621558153,0.7240506081474345,0
-2.0375846932617554,0.3805060564094199,-0.38492047194904155,-0.12268598685316712,1
0.9051760273299895,1.5640302900053586,0.6699548124723883,2.7015473127383176,3
-0.47936841728441393,0.6504645185075806,-0.19531205713215705,0.6559695957264671,0
-1.1247544798910514,0.6718673732479991,0.19949370731508842,0.8178398537886298,1
-0.2959776827770504,1.7628755366979778,-1.1408772982479167,1.5721956846746006,0
-1.6711472055658658,1.8287318056332866,-1.6161128275812984,1.0941115882789025,0
0.23056438955926306,1.4380962847053902,0.7315484463314735,2.4450735009487468,1
-1.2938252933805223,-0.28087193564849666,1.4218805541294313,0.29727529499150374,1
0.29014964612848226,-1.5726311099189638,-0.6026539130657995,-2.444036278356565,2
-0.8755836073934093,0.8097407453313403,-0.4501411123906305,0.6302912253095792,0
-2.3438589074114557,0.8620206537015076,-0.7886766324270356,0.20470245997469017,1
0.15741333138766955,0.4695899823074716,0.13335457254868888,0.7457586929745289,0
-1.8453931103180596,0.8238245183843631,-1.1612446457999708,0.006938197438006499,2
0.5551584785239103,0.35088564369175557,2.4668143578522397,2.1684975899350114,1
1.0207042802540003,1.1362621693100388,1.836229860911476,2.9026813749656597,1
2.3718433420292335,-0.7144688473301806,-1.3893043895036348,-1.4079927027549664,3
-1.3625728958371044,1.1711948956322566,-1.5450619006792623,0.3161758940887722,2
-1.6741723074596309,0.8247497256186312,-0.7457297642465477,0.30882568630887797,0
-1.4601304436438052,-0.1739429826582808,2.3960149556698,1.038410068891984,1
0.6466757530335272,-1.9487866101819629,-0.7215039221733597,-2.9580974515023626,2
0.012285065189646449,-0.02507659215243041,-1.3591034805402256,-0.9090078892104912,2
0.04314501034756146,-1.1000425983936695,-0.8733337734696143,-2.0314976059394922,2
-1.8111017523320943,0.12310907845792046,1.007042367033181,0.4736782994958023,1
0.017988938164827273,1.130308655288485,3.1325244321298,3.542584775234234,3
0.24474604634768538,-2.0441108728819937,-0.6021081885331916,-3.0847204123354413,2
-1.2690825699253625,0.20089653001674151,-0.9364913661112487,-0.5747844579190924,2
0.9547380001818105,1.0183619860623214,1.5043570160840942,2.5177562468770645,3
0.3740015576229665,-1.2527815831567513,-0.7945794581155375,-2.1230908407697164,2
-0.8082113413407531,1.05329655760565,-0.6552318774639192,0.8372802584888102,0
0.050869475935278685,-0.0807527694131942,2.2946285040921133,1.3831087061720537,3
-0.7540631959443461,0.34424808058814116,-0.019519833160500766,0.30687700941427565,0
-0.003051746462539029,-1.7228352652492165,-0.2864748903152976,-2.4966788598190375,2
0.9345298258756316,0.25230489394999567,0.6188631771723121,0.914475349501313,3
-0.3876889745931703,-1.194898611610498,2.110729044600128,-0.3129911285736293,1
-2.902915495363983,1.361778990244898,-1.5673052410310402,0.26677125169450155,0
-1.335521200818576,0.13096455734568402,-0.9529800269622254,-0.6917815769935838,2
0.5444820976804259,-0.9879557343676377,-1.0141683630701201,-1.8774727089183965,2
0.003684765873145701,0.5850305956155908,2.2125577031361368,2.2143206923825653,3
1.2630091016841174,0.5856297592692248,-0.2190942611400739,0.8824673237249674,3
-0.4153649180201793,1.6538815231037793,2.5806511628466846,3.8067577467381954,3
-0.719673927847885,-0.39354835523031406,0.6208661955852539,-0.26280085872629355,0
-3.042088656733873,0.39945374108010334,0.7028425070027973,0.4156172667384225,1
-1.3205077740380622,1.1669695407868788,-0.915990486806415,0.7246907526045436,0
0.08753402299601953,0.9678809466500272,-0.3139710510586623,1.1121287991657711,0
1.7385365658319967,0.47010201534965834,0.5949748128258951,1.3429486232335186,3
-1.0769168321137281,0.4683158996977236,-1.101051028164342,-0.28605771474628705,2
0.7113115777417403,-0.90350177425881,-1.2082967503684827,-1.8580619812332935,2
-0.6902037403540369,0.04200596885260954,1.3210537879293476,0.7792063605246132,1
1.7167018313033666,-0.7718814945947914,-0.13393768132793404,-0.7979542914092876,3
-2.235938160484525,0.8597545455429896,-0.9665397404430887,0.10716867703319344,2
-2.45414725991802,1.9001007922861484,-1.6095687142338417,1.0463047982315774,2
-2.106769836110643,-0.6852762558614719,1.1169302780392463,-0.595568228483246,1
-1.0979734023286907,0.4864108335659062,-1.1517925756831322,-0.2985261802639436,2
-1.310352740401579,-0.6614715478482298,-0.5589368770645657,-1.4955804614579986,2
0.030887676650179774,0.4311194015600053,1.097197351773139,1.2927080549858807,1
-2.2878071014616013,-0.8535035118094092,1.1681776882444652,-0.8223084739711615,1
1.2228504127077278,-2.459197531204847,-0.318652581001841,-3.273896544445874,3
-0.48658648705507546,-0.2517487802144496,-1.1294694373421592,-1.1589330038373091,2
-0.4286935612848567,1.945634306748483,-0.1944663462185603,2.4034883160787057,1
-0.9649110028699854,0.1488824279304884,0.04001719195639497,0.043459221203626996,0
-1.3548148945287242,-0.5065574849744803,-0.6943256065818205,-1.383593533268078,2
-0.6042527296433141,-0.37988676614643513,-0.9322340453116579,-1.2256590432243086,2
-0.4676836477198224,0.48609289396966027,-0.05132555861536747,0.5306622148468851,0
-1.3300605975893525,0.7989909399595823,0.17353215812215195,0.9328583358714608,1
-1.8150116002651657,-0.6943248469059048,1.8710693582423095,-0.06563369993109847,1
-2.34976346522385,1.2190282586239696,-1.297361668456595,0.35399627254878707,2
0.9154880788783606,-0.23767708288782852,3.0112517597085864,1.7985603945086617,3
-2.0280184493931666,1.1718236493081147,-0.00403786859111821,1.186602414124728,1
1.2090544426206378,1.598742629167682,0.9496766229256739,2.986101335672307,3
-2.825053569670318,1.6273180182501736,-1.778617853173295,0.5012114112292421,0
-1.5279214941909007,-0.681865741365512,1.8615212921835682,-0.0009055610577246576,1
0.8838144706804297,-0.7336311996510592,-0.9691300792887312,-1.4431831692665544,3
-1.3632472765117998,2.1791285822471167,-1.8213840776074308,1.489699537712486,0
0.3026827363324065,0.0655439260075722,0.5246099599044911,0.48383233947915294,0
-0.5917640214259366,-0.824777011938943,-0.7004665807679067,-1.6704296172112358,2
-0.397262616207429,0.13918360990907397,-1.3343279556933456,-0.7499524842889165,2
1.252277374956202,0.18370905196509735,0.952577928571319,1.0979315528585938,3
-1.2953413314347038,-0.08719451290816044,-0.5428063873843221,-0.7119651563159572,2
-1.074092208658932,-0.15178175556038054,-0.9165120010214012,-0.9981839570308046,2
-0.39237264787991966,-0.6693463667166969,-0.9437500128033709,-1.581405351833323,2
-0.5319343284725326,0.2402677051087404,0.11589751306122276,0.29676368731933733,0
-1.0535670214414958,-0.9641509737824538,-0.7386453080323265,-1.9692017696719266,2
-0.6225596700379241,-0.8232515495424888,1.5502895259646126,-0.22069282683344138,3
-1.073189803645875,-0.22624465291657497,1.4449139729760507,0.42706906258800836,1
0.3563490361523821,2.6392983403923638,1.5547071805814032,4.611750595295886,3
-0.32600209183395323,0.27076128897768803,1.5359874994350289,1.2936051933650485,1
1.967729298366184,-0.08956782428405252,0.6651918063618671,0.6807772157192937,3
1.8055630921868147,0.5268657769260259,0.2964215140428553,1.238943095549699,3
2.1207152872801043,1.5674091763531854,-0.16150641772560803,2.3985371227161534,3
1.720650235503089,0.3757728043055343,-0.5101586373332649,0.4993573398961575,3
-0.801194298041165,-1.1243854748521258,-0.4712029820117385,-1.9638099725373568,2
-0.5286432315362269,-0.4023210191495993,-0.9320895005475958,-1.2413908519967325,2
-1.8778811753065572,2.7292870984053508,-2.4847346436465676,1.7022061373471562,0
-1.3732198334955419,-0.8089777831026799,-0.41290179003028893,-1.6110105090725555,2
0.14021949946021284,-0.21771188819186318,0.7496300007464871,0.21851168006216748,0
-0.40274781532733506,1.43071230181764,-0.878093361020954,1.2761659867468287,0
1.0548947584780453,0.4791978642650643,1.3479116519282321,1.7123651601145018,3
1.1439617177764487,0.5074527136798863,0.8371559570198589,1.4372389192076516,3
-0.5965476811926957,0.751913304063523,-0.33069464953901284,0.6825158743700941,0
-0.3980785774657979,0.9239466779289258,0.7132695202563465,1.6249217968911434,1
2.1796782070415084,0.5576417667944099,0.12369963640975057,1.2392911455251554,3
-0.5788978865976606,1.4891656644289477,3.8732687488815363,4.389688385326772,3
-0.37578819727994883,-0.056963098399104406,-1.354751503766629,-1.0222104756027799,2
-0.8137864510409873,1.2242717622589827,1.269776792943372,2.308723096322553,3
-0.9410063089796237,-0.11077553647191785,1.9010860951532218,0.9015003024288094,1
0.8650549509624554,-0.8853739322433376,0.11495674592840388,-0.9501932883615682,3
-2.6800438403080458,0.8360441119363937,-0.7317730521098194,0.1431573765602645,1
-2.799466527338985,0.36112958930425254,0.1415390348109652,0.047515061874963016,1
1.3978304330670634,-0.21099030022000687,1.8532035726480205,1.177540067246263,3
1.341228829981558,0.23001860296868287,0.4572787070381463,0.8569845852385929,3
-1.567089421830741,1.8685469919539337,-0.4060711432662909,1.9485855791493392,1
-0.2487974091569084,-1.4339898425802486,-0.6193746265495388,-2.3705658528399853,2
-0.4602762849319517,0.4242051179628399,-0.022395180562220673,0.46772341473452195,0
-1.9079735535659912,2.121501996218943,-1.9374597232681836,1.234633415414609,0
-1.109706829106368,0.34767046179288286,-1.1930483249171313,-0.513496510617912,2
1.930107658958078,0.1731988285147134,-0.696243226830662,0.14697314574908893,3
-0.48593174888286805,1.0431128329021153,0.3410002947220091,1.527792026191157,1
-0.5657396175745841,-0.6497611046055695,-0.8813767606501878,-1.5475715275638784,2
0.740808941115543,0.1410864123097188,0.18212616762059963,0.44668343084466944,3
0.48907204309219343,1.7770269762873745,1.4702583846367359,3.425566696778357,3
-0.9631251585107595,-0.46804925464795555,-0.8396509297492288,-1.3518640364226757,0
-0.5437476085567955,-0.1464323629770165,0.46485132193512935,0.0011431819520582032,0
-2.7805770573943667,1.8729087007992558,-1.985402906666845,0.7055150013276301,0
-2.210938296274368,0.1560175118847344,-0.7120490397379436,-0.6677971590525353,2
0.3799350441179774,1.4188175369463516,1.5036964024721984,2.9460426320586643,1
0.07339817305124585,-0.0646466172246426,-1.418733330904586,-0.9890636935299616,2
-0.32855847210732037,-0.0422599360699073,-1.1034710095325932,-0.8313005618779542,2
-0.33966389737335345,0.1089531693423974,-1.2881525863963608,-0.7498156071991384,2
0.6484000386421649,-0.47262207201540635,1.4906028062857994,0.45097604991493345,3
1.680242480029996,-0.3861490372947911,-0.1821276821103146,-0.3185135374993415,3
0.28005561950258784,-1.4243732139858827,-0.7729643280411849,-2.3570440553327288,2
0.48433065926778474,0.6342727974223852,0.47635012808284183,1.2498711336439567,3
0.10980335486751458,-0.1321361133016169,-1.4067878644026546,-1.0650129328955131,2
-0.8302181834622215,1.0159749432152103,0.5765178790367542,1.5785061710226378,1
-0.374248521949061,0.7879944532591928,1.1177185551878965,1.7082323499360075,1
-0.44021945654811945,-0.8608706298911678,-0.7240915561146324,-1.7055040158981987,2
-1.0942975724557413,-0.053911393015045106,0.8054331052374616,0.2412959057238402,1
0.06539284657648592,0.2628023363834707,1.799384879389768,1.526892118954929,1
0.7386407872038786,-0.19311863531727858,1.8459709721417787,1.072438378878083,3
-0.7482402112977977,0.6369862538609461,-1.6128237272927048,-0.32825984139352493,3
-1.2858057358799906,1.0470416980310235,-0.8132349339815625,0.6367202303372419,0
-1.575138504619015,2.4474641926342118,-2.13382202590154,1.6079026456996255,0
-2.0641968131150126,1.7935440239583884,-1.7280851257815317,0.9004209823129303,0
-1.4609529642789532,1.8460951917725605,-1.5862973317404305,1.176326842851771,0
-1.9660641454800438,1.723638576070945,-1.6209464283126676,0.8943545908857451,0
1.0581698599186713,0.345492021803062,0.18936844998461022,0.7854544964113659,3
0.4484855066819451,-0.4258613692745375,1.7131413589641455,0.6196864694147965,3
0.8504659230960285,0.5742811021491967,2.363992612754033,2.4575030265948357,3
0.5504236517562799,-1.5628104690970197,-0.8209820527755998,-2.522735196120234,2
-0.3386668309220522,-1.2512764085782193,1.4664250019876488,-0.795448873150499,0
-0.83557532885623,1.7677600621487017,-1.2885787225715444,1.3815297352356768,0
-0.2726156171580544,-0.040838266422894565,2.6019425832644334,1.5740612082186258,1
1.7743256061497514,0.02335302712774212,1.5481969394875672,1.3659858638416207,3
-0.9807628175749915,-0.5430441768944663,-0.9285367437459311,-1.5131958674702926,2
-0.7501895138969701,-0.6544798506255766,-0.8286013841489646,-1.554630150865714,2
1.1312074791742726,0.09061830328485132,0.988762434670767,0.9735732837523264,3
-0.3233546506062128,-1.1438870246089474,1.475286333772785,-0.6427788101238676,3
1.1187309293840602,0.1749430657337523,3.0184117334839837,2.3950514300725825,1
-3.3290833387776955,3.851226449890701,-3.9012766020595313,2.0185776941446614,0
-0.9685096121646374,-0.06154416663292095,-1.1090261630220113,-0.9815310879530171,2
-0.632202746467172,1.0588962481245536,-1.5017847909343975,0.331318697787538,2
-1.5048066409682224,-1.5327362049434257,2.262183547156006,-0.879204426101716,1
0.43830900603093714,-1.4175817444135839,-0.7769173357757053,-2.320620178821949,2
2.3412628771007022,1.0970675064469597,-0.2432054194521096,1.756458759760012,3
-1.2520877927619074,0.7521028450603604,-1.391019498827056,-0.125686942047326,2
-1.4785067267246883,0.702056385937482,0.6807780930103321,1.1023811734372266,1
-2.4547027251557307,0.1951153546640275,0.3973420917165863,0.05507359049791194,1
-0.233344017679459,-0.15450856553411763,-1.3522404211711632,-1.124558836645486,2
-0.6940157952647161,0.24842588007807154,-1.224879688653241,-0.5887336855069387,2
-0.2407638026712018,0.2948708056253311,1.788474128657282,1.5050853218348414,1
0.4659135567690267,1.7537666343613851,-0.8608122323156305,1.8846253195502949,0
-1.633746657163906,2.0259118542447148,-1.7697389364275056,1.2664683950579971,0
1.107005462053341,0.45152560398033237,1.2960769772468863,1.6516046735911876,3
-0.6862358992638935,1.516215335793143,0.10671458634183861,1.9733364635198845,1
-1.422352965754361,-0.3794004038255188,1.2235652702415503,0.012778902023848238,1
0.4177144783666942,-1.3494629410261871,-0.7147525701372445,-2.1929836977761163,2
-0.7825975481174451,0.6602742504661512,1.0544589655561918,1.418984397753003,1
0.768261866273223,1.432582272889952,-0.4898331640873862,1.750404464651453,0
-0.5370590640814605,0.6512802853943955,-0.2160957953540622,0.6327544859544618,0
-0.9682567607286012,-0.8800685104946806,-0.8439217774743784,-1.9082948809793177,2
-2.284611856852072,-0.7148613917846649,1.561054506286995,-0.3820100357353211,1
-0.712507786511891,-0.791382240058981,1.5215133176685423,-0.21350025007600792,1
-0.8029724644724743,-0.2455999138637066,-1.0885239118923034,-1.1839522883816331,2
2.836463020951983,0.015929218886135833,-0.9403973890817758,-0.05061633875071725,3
2.0180227033404865,-0.09289123627323903,1.2123193465940068,1.0391368189002046,0
-2.124669014334225,2.3959805284461377,-2.2582957795468834,1.3547469239397187,0
-3.610430509816211,3.3576069954160155,-3.5678643865364443,1.5186258313091443,0
-1.8262208175601775,1.1918787945310205,-1.0856239823523504,0.5531184894237068,0
-1.6531553815111288,-0.5119538409331932,-0.604686624608973,-1.3892491118725498,2
0.2869953315293958,2.9261687616383147,-0.2897253333532157,3.7923799277181653,1
-0.011080402829407032,1.6051158378839798,1.147325884862942,2.8920205586025247,1
-1.447702202102684,-0.3048710055706515,-0.9637367957067399,-1.3045521783671394,2
-0.4123194902792271,1.2647555807271875,1.5909885058749111,2.6462301139671878,3
-1.7753151552476454,0.44285355717285524,-1.0325315066807095,-0.40777003707161064,2
-0.5665501921119727,-1.6540706722485612,3.0472181011746744,-0.35793448160358055,1
-1.0490384317097925,0.4126592500712779,0.9740240842732305,0.9845932057836754,1
0.07472401739962531,-0.5190821212666115,2.9102475943616337,1.1971695154909345,1
0.24681446735939772,1.349554024993238,0.49119326603495794,2.1741474937898007,3
-0.6883494943337894,1.000151460682333,-0.6064255726803801,0.8201277779624893,0
-0.25761735745552417,1.0300029044029007,-0.47731047061097265,1.0248420899142243,0
-0.9866333695989078,0.9309826440760122,0.1664540936757115,1.1701610627069745,1
-1.7022715860656465,0.08996992921109315,0.20617731304004472,-0.06742328215244409,1
1.6500209741729508,1.6162472556532737,1.0086824043816696,3.130908974224811,3
2.052438357118106,-0.6602476415275291,0.8037858170427092,0.020725675639810315,3
-0.8132956527039562,0.6138589457274854,-0.26802143880618634,0.49689027175035194,0
-0.9384752733225056,-0.4713180870761733,-0.9082010827990036,-1.3958655863970946,2
0.9592232458581784,1.3215563341727574,1.7413032713536085,3.07833970335282,1
1.2537334919397742,-1.3934093196820097,0.45752044421675797,-1.3371235513777036,3
1.1883856034413411,0.19961177710054778,0.7118251060580065,0.951732061669712,0
0.0058552237537755625,0.5124976909112934,1.079216523765587,1.3855372217338668,3
-1.6184017979468064,2.066430903949801,-1.8027804428601346,1.3023810515978178,0
-1.350919600207112,-1.019728137945241,2.6427172916446215,0.08375643800068244,1
-1.3122040258169598,1.7037804147667586,-0.9720338509958844,1.4101723559071169,1
1.3599718977708295,0.6148255604597961,2.893384679733143,2.949920503996988,1
0.010482140048761135,0.2217044849778732,-1.5135757883668843,-0.6780587516154885,2
1.3643313964263055,-0.025827222407172834,0.9507546382657883,0.8368183968160077,0
-1.012702363592571,2.0008428128942928,-0.25845695065156327,2.326007260217124,1
0.7409219886135464,-0.8933018248453981,0.4355989461743094,-0.7771894545086659,3
-0.8260093974203071,0.03240809706357051,-1.2454479272649086,-0.9167043391371691,2
-0.566082485472755,0.9114964457387833,-0.4777018984161647,0.8074036946358915,0
-1.2549311405524852,-0.5792249975683074,-0.8096295136644626,-1.5366845119655896,2
-0.1816145457337146,0.9350575207021811,1.2181998230183595,2.0067543729772233,3
-1.2220480329914836,0.24651015719960917,0.9572767098739736,0.7182457859376297,1
0.270250075478621,0.6353363341866701,0.03314541197008558,0.9246811236862884,0
-1.1782286239064097,1.7346899901919322,-1.3674245760907948,1.2215834649979156,0
1.8524379136769804,0.4209339471425512,-0.062099879142156755,0.8741595779129052,3
1.9641687210900751,-1.2081503854961781,-0.44194106581853343,-1.5353890669643975,3
1.0012551753486745,-0.06569981902697031,0.8211008753326547,0.6310816266376931,3
-0.5302131764587441,1.119644659221812,0.47812767775547116,1.7106535510163758,1
-2.436766054458259,1.932346093952063,-1.5694573989955845,1.1187438443576632,2
-1.9506798041170557,1.8165288037646352,-1.6906426922809437,0.9768570998185147,0
1.2171913904291336,-0.03839410318194303,-1.4708062213179631,-0.7716136639276028,3
0.9671766591419622,0.845386643332871,0.8132318914584785,1.8417479174020577,3
0.21674809397479655,0.37334544841542994,0.28868850785999767,0.7281612778622064,0
-0.6107867431921943,0.5249086529824619,1.5448044258665592,1.5864799588819358,1
0.3945754582943076,-0.5184389999359322,0.7682886199595849,-0.12484697339492623,3
2.326806252425702,1.2292855734968555,-0.9183513407358761,1.4950962787254634,3
0.09445707592958841,1.0869198568846645,1.2169172178843735,2.2617436005351026,3
0.638114885648482,0.17030631371510618,1.3167041308709218,1.1991920244925705,3
-1.414580282771936,0.11382269014816726,-0.8982748561587861,-0.6943692110395143,2
-1.5541834482093138,0.11357520869234153,0.49160423390925,0.1765140322859794,1
-1.2460657207097827,1.5468131838055896,-1.2621829547949421,1.0247164778045683,0
-0.9129287643153117,-0.4205795862835663,0.9867526297002499,-0.09925021098062148,1
-1.6462069275421556,0.9992478881358888,0.1694986719592788,1.1392243614513697,1
-2.307675348384958,2.0313486912311713,-1.9916933803630588,1.0032404237682764,0
-0.16668746079199415,-0.6073020165875167,0.3492009818717924,-0.6206164568552579,3
-0.8760778633383446,3.1365550676299296,-2.5144748523162206,2.4183955467631186,0
-1.5055737720023705,-0.06581333030578215,0.09760066966673842,-0.30939459637798006,0
-0.9181880791659079,1.623578208141549,-1.2003041884438521,1.229531863796603,0
0.1567955339291237,0.14419591129362375,3.299255681415405,2.353629703943567,3
1.1781811408683014,-1.0876053121890656,0.9020083287038303,-0.6541173165014482,3
-1.9235845276133454,1.360437634367221,-1.2971133237869803,0.6242808816530856,0
1.9496677347871103,0.3800084997941846,0.23370841852382407,1.02863791115059,3
-0.5194728905192347,-0.5061260800016762,-1.001834441360712,-1.423949934949071,2
-1.0243805740503245,0.3501728636053747,-1.4124423656951224,-0.6357177014056999,2
-0.5266824427419285,-1.0239415241021492,-0.5359813537849787,-1.8190949940607266,2
-2.6560797673742407,0.9733106756154252,-1.037713318796065,0.13424524058231846,2
-0.4357349841498732,1.7566739826469218,-1.145434589933409,1.534557993855703,0
-0.9233648832551444,-0.8351795702656711,-0.5236511720500813,-1.6327806706616539,2
-0.4346000609886924,0.620625805929293,1.4157412485833494,1.6647837298569672,1
-0.2763081834382265,1.5440760610795674,0.6649363873419315,2.4485642757601007,1
-0.1912890898472418,0.0661810353071498,-1.381162681468155,-0.8392549308001368,2
-2.293355753102734,-0.855348045991654,-0.11141588326208773,-1.6521710797740328,2
-1.03946135290399,0.1776429062192839,0.0488992144824234,0.07370646168588524,0
-1.5409101223681927,-0.10354606517588338,1.143428145545201,0.30869857922471766,1
-0.43600950054678256,0.7823192357951041,0.8941082498395386,1.5445595651700321,1
-0.47479268251157647,0.5022678875988356,-0.08803418621334425,0.5273127121171944,0
-1.2190527310182313,2.9051074084400135,-2.423402137013721,2.102005135648181,0
-0.004624548602034428,1.6443828329059555,-0.908590997721492,1.6182354723383023,0
-1.8541632764847407,2.729409194810711,-2.446472683330409,1.7315550261131423,0
1.127558962798775,1.1456826487932625,1.1451766742553824,2.4892134502713015,1
-0.8068936913983868,-0.8470371007851798,-0.6913200675991455,-1.7349839582858348,2
-0.7118194441338868,-0.7079092030989904,-0.9009029980351071,-1.665752969531282,2
-0.8261069930215726,2.3612788961249733,-1.8232823101818296,1.8341910448705907,0
0.9715922723515424,0.8823053090532964,1.2675097902889934,2.1854713034826583,3
0.0462759696853573,-0.6168820781611488,2.828157896285396,1.0075944512355994,3
-0.24956486187749938,-0.7143138113583742,-0.7079353981227241,-1.462490467637335,2
-0.7441428743249835,1.1182841634418272,-1.7704120758950075,0.21638376613468369,2
0.29275847284762,-2.353334521603964,-0.24677335451973248,-3.260998648224494,2
-0.8611661939399136,1.066469588277931,1.264634015158395,2.084776120485743,1
-0.4020075539549177,-0.5153959830017546,1.4050035991814203,0.14008102618783136,1
0.9364731674385711,1.1369289207313908,2.237862276402677,3.147047145663296,1
-3.476187601251005,0.1936054222586442,-0.9615512007761056,-1.0172823222971794,1
-0.8099594064346255,0.1958428051969011,0.09066662541360238,0.1684060440919558,0
0.043079537416023106,-0.2574024961339477,0.7372536124547346,0.13894347960499753,0
1.3872117630506495,-0.3802110675065746,0.15739219295076823,-0.1465934838686973,3
-1.7438602015479199,1.1181168924611296,-0.9883501697641455,0.5325316955629509,0
-1.5484917351366172,-0.20807660975959086,0.24066282004702932,-0.41594645985757905,0
-0.8474518688559587,0.9378356495761493,-0.5627367104109819,0.7347211792582369,0
-1.4998436599243083,0.6668357872717442,-0.5395374868808256,0.2630473063841545,0
1.5089221929712542,-0.5482528265794532,0.9932224465109878,0.19072196325053647,3
0.4407509640457954,1.4978246277719411,0.7530578991513813,2.578753984478423,1
1.4942378875922953,0.7047197627557127,-0.3410143191093633,1.007125352842919,3
-0.5895190576144614,-0.2785515336441018,-1.106567789551777,-1.1995239699067866,2
-1.2593845075228716,1.2710963726777087,-1.0023071139920738,0.8201655077505801,0
-1.0328521967470696,0.9397439371633368,-1.6290117530931578,0.01370815561917249,2
1.6188335676599968,-0.13819893255428212,-0.3391618004669512,-0.09889966826176311,3
-2.4150956958296055,0.7870057387699437,-0.9155353228223004,0.008706084412041015,2
0.42891765202195276,0.6463833699962238,0.557787121068189,1.3082498321076175,3
-2.5217679767051493,1.1633159330583502,-1.0739473982037895,0.39107679017200714,2
-0.5544760265989108,-0.23255019354047812,-1.1295021822094184,-1.1460125474433214,2
-0.2067495886462991,1.3022359227144047,-0.6759488987991537,1.2713522579096828,0
-0.53094571302018,1.761277898760075,-1.178512129371414,1.5014044223143095,0
-2.6574193923102056,-1.2145495498110401,0.6602673685760275,-1.7043897789154898,1
1.4826088672524582,-1.196373576498515,0.08015108245674918,-1.2733142242154907,3
1.7028675700851517,-0.5434659786965821,0.4330799393792455,-0.12798561920900142,3
0.5802118633633273,1.186101518794944,1.879693024416408,2.9144747791605212,1
0.13140076359494812,-1.1449366264531164,-0.9136237736671449,-2.1010834703851575,2
0.28328564656417554,1.038757518851031,0.5194061369665072,1.782331094616754,1
-0.6762216142631038,1.8437272832549692,0.6438634116883108,2.761450316115498,1
-0.42771198303749625,-0.5099250176459654,2.6724812124119426,0.9610858155262324,1
-1.912293536225106,-0.10568187240727656,-0.21977186089769152,-0.6445882979346349,1
1.06379474352119,0.36078755297504433,0.05144454334175008,0.7179652236744185,3
-1.4085467224141197,1.3430705192417203,0.0977161947187144,1.598942392696519,1
0.41221212551577446,1.3457045019704175,1.1864570243108918,2.649188295438715,1
-1.1610718379082452,1.60269961486843,0.34786141698071904,2.1554668106625288,1
1.2933426564174042,-0.3900755405096593,0.9225276187458106,0.31657066238334186,3
0.3956672316309472,-0.46205223817151586,1.3117378861389268,0.30195009835611053,3
-2.1710185207628943,1.060516980544927,-1.0793950023989387,0.31585376347807914,0
0.5375220930066742,0.8115018316098457,-0.007033534695228494,1.1854925589698917,0
-1.26615418838059,1.5128386160648577,-1.212024719620276,1.0077414109051672,0
-0.6747012581325829,-0.9656781548466467,-0.7652660003707112,-1.9169405221591833,2
-0.6592885518647662,0.5301857708866745,-0.16275424420618967,0.4816913922554661,0
0.22061700344026147,2.2061823162353997,-1.3537427219850307,2.1268995457956716,0
-0.1543700723848188,0.5060508442631243,1.217117295256682,1.435704819599037,1
-1.4953415784557946,2.4477582890666243,-2.107631898077635,1.6402699326944727,0
-1.5854938407022434,0.6420945355419796,-1.2552812513586793,-0.24852205578543818,2
-0.759475869156937,0.5439017881880569,-0.20214325794642518,0.4557462219062447,0
-0.12390061962387144,-1.6240161394549377,-0.29270080064734083,-2.390945367206376,2
-2.279232454139069,0.4756663619729242,-1.0015477213582795,-0.4388457250663458,2
-0.19746652381644358,-0.7312059566334799,-1.026307258805557,-1.6809177300711613,2
-0.20884438824681972,1.4629541692934869,-0.8299574210175493,1.3870966008832328,0
0.20681007334424584,0.940053454155538,1.7319757945975662,2.4185495890074,3
-0.983122644114896,-0.06377135309504467,-1.0874660602782675,-0.97335341487268,2
-3.1757339558587945,-2.1223769252738656,1.2262389383604528,-2.654520320876804,1
-0.9726091360877999,1.1838034201624175,-0.8233182961264891,0.8727756888630819,0
-0.7665683760685309,0.2010320644042694,-1.0820627142178325,-0.5737737486258304,2
-1.167654905507569,0.7775369346685683,0.6759697347169342,1.25919483354159,1
-1.7061406328970317,2.9882068228956142,-2.623600602901463,1.9922688643829418,0
-0.7507043472987986,1.0162979592436958,-0.009786611662017108,1.2153195867692448,1
-1.354456675531265,-0.24586711946427214,1.0646332989905258,0.10208542596406178,1
-2.711830561147074,-0.17075253578175426,0.9510995148831853,-0.12663940460690237,1
1.115643364448971,2.0212429918340793,1.7409252094307703,4.0462123601196955,1
-2.101556145456825,0.819743010864145,-1.1401186374543404,-0.03323825566647454,2
-0.9016208584696661,0.4520755388602729,0.4224903257145264,0.7091178538581836,1
0.017363440401097163,-1.5966773506691996,-0.571494794492116,-2.5076524475954045,2
-0.7172102202401744,-0.6820647647787623,-0.7721184586078017,-1.5489342493482343,2
0.4845804248766701,1.58016292096665,2.408481044999661,3.7665244073159423,3
-0.4628848488016334,0.34478117891245846,0.07535917759028288,0.42381586132726046,0
1.3877966241381627,-0.800012558562153,-0.5892778460394326,-1.1918145317204156,3
-0.02657062975947777,0.6935168380804848,1.6584163502255609,1.996284299268199,1
0.043197798237399,0.775017145368349,0.9138398524294379,1.6379444841369633,1
0.6716581961889807,-1.1740819317905336,-0.9364574424451464,-2.052966530651214,3
-0.6690767846942103,2.2388938787557366,-1.6586498995311088,1.805969701200317,0
-1.267451139907412,1.010364998446795,-0.775825801388502,0.615142347842093,0
-1.081664563092682,0.022237429776799433,0.7640922357443674,0.3191328299423708,1
0.9970132621598828,-1.3123788905989464,-0.9902142636550991,-2.211798308038796,2
0.3788601000538223,0.6334047227621107,1.1937715338749764,1.692101096979318,1
0.5373403347117074,0.7175137724557353,1.1047901898112398,1.7773757204170026,3
-1.064357003436925,1.9972608056422991,-1.5669791550586605,1.4664309556112873,0
-3.1837198114800525,1.5647851471668686,-0.9141058012555398,0.9079256249149106,2
-1.2420938588714625,-0.573750686161836,-0.7215533860178627,-1.4700401213607508,2
0.3841177049614841,-2.104628536648634,-0.5730339252196184,-3.1208235077292334,2
-0.5085872631799142,0.7272659544003098,-0.2756634152913988,0.7015911647764983,0
0.9059117037176557,0.9893092725700202,0.9300179024325927,2.0986696821977073,3
0.5683555018398808,-0.19555559092618158,1.8796083661053968,1.0587548697890505,3
1.7541240398127214,0.13202788396883128,-0.7370087725890881,0.03220617986852159,3
1.0064622242783399,1.150681542331685,2.3012971274051743,3.2196694732946782,1
-0.08904891310296204,0.12262792060323635,-1.5421857128633063,-0.8482250184261176,2
-0.18459079564090675,0.005355100453626749,2.3060330405263914,1.4615461761727817,3
0.021956927737334153,-2.5973049797610384,-0.06107265898271763,-3.519457717363439,2
-0.21944732616292772,0.9186611328789727,3.366785821038986,3.365141948579045,3
-1.7900383433899907,0.9501846389790796,-0.8588643190520987,0.38216348584638304,0
-0.4860500822905013,0.011935377266616753,-1.460267732121351,-1.0187362009795615,2
-1.071386556764811,-0.07338975940488845,-1.0350713116499728,-0.9690778892872935,2
-1.0421502337848538,2.5155686641443027,-2.046122862973517,1.856484031673408,0
-0.27384357179936525,1.2236789633690734,1.358806467266783,2.467322068930034,1
-2.1522107921236913,-0.33804571597061117,-0.48681000951671594,-1.1740205451510088,2
1.7448448932634801,-0.6652799183093233,1.4136210826848432,0.34974668163400235,3
-1.3973209147582877,0.5051100810903739,-1.3444269175565404,-0.4543362995872807,2
-0.6398965091219887,0.2810202155757736,1.3034218262228485,1.0979404151497896,1
0.43585899636654046,0.6696657100207687,1.4491974352035493,1.916450528980147,1
0.5474971704036099,0.8643183351202391,1.0401763622082183,1.9344973592564325,3
-0.48903956000475335,0.8499617277348863,-0.3949922317497401,0.7928102206106395,0
-0.0498836274070823,0.2907106225628604,0.2616889147122716,0.5495548258057918,0
-1.3945932963807988,0.6032964116448367,0.44857947031143763,0.8357856665169843,1
0.8076939115419994,-1.2235741741593937,0.5120607927092864,-1.1582548773175696,3
0.9057533125196958,-0.5875844391442833,0.08651019128716131,-0.5614123377193445,3
-1.8615999023437055,-0.6499654862112851,1.477776367481071,-0.26890238231755603,1
0.31808013722139283,1.64365180573822,2.3391804451787004,3.7755159031186576,3
-1.7623111598312682,0.4552328440603875,0.17390826606461285,0.3903898897782522,1
-1.4230818106350767,0.2614206294064355,0.004628011042419167,0.08510224653505805,1
-2.005044651005537,-1.2959893783027265,1.5985567620270626,-1.0845863093250463,1
-1.4847824468646287,0.05627620164022584,1.145245726022305,0.5348590005986029,1
1.6780219961727725,1.7585084130493274,-0.2777132864527643,2.496296269660708,3
1.7804431927180135,0.12858946884681446,-0.35530555813365594,0.2790586054269816,3
1.1393333706228883,-0.3288185182289029,0.4248984339477304,0.048317816192046115,3
-0.3801585593707195,0.668612318317704,2.2472169036707195,2.27638348529577,1
1.0488937356557728,0.03989260374285353,0.8003506599743776,0.7683192546433768,3
1.4138316563629105,2.0391124519728865,1.2377633085809818,3.8015248004041555,3
-1.1390598394204514,1.7715375273546692,-1.4188550380209395,1.2451918167005092,0
-0.34551426380477224,0.7176033703456135,-0.22627668275057933,0.7512982359692368,0
-1.8067989655819945,0.31102333879356703,0.5340199802808748,0.42109813007591446,1
-0.0473644219362338,-0.44797991585278335,1.8993517566811557,0.616688345687338,1
-0.8116506016699627,-0.37735664344107117,1.9695545754459576,0.6125227496812924,1
0.6884088668861913,1.4994049009904167,1.035603473058167,2.8100762829524975,3
-0.02564013225884798,-0.928529650099361,-0.8318269246521295,-1.7875980541820073,2
-2.1838321600012565,0.9543996254670036,-1.2599127579514067,0.05450862586043703,2
-2.3239606231868706,0.18063739099423182,0.7338124965272647,0.2776134868509317,1
-0.48716921547957104,-0.09536171943624401,0.4583555223991189,0.07613485818743371,0
-0.11458003384377191,-1.4947058300021565,-0.5130939942624178,-2.3580490879419767,2
-1.2920107927769469,0.41553782937993383,0.7582862695434491,0.8032799053679169,1
0.28714106187785116,1.5928495702066396,0.12534833414321223,2.271870747779202,1
-0.2441435274947632,-1.6635049366254033,-0.6793172297102107,-2.716281170683354,2
-1.1494592344917562,0.502047143310383,-0.27158942623594107,0.2811537034768552,0
-1.2850808485056144,2.0771077257579655,-1.684240536409109,1.4561603825768519,0
-1.255798172681862,-0.06947762243789822,0.15496627172259836,-0.23012560225626055,0
-1.3823027914343677,0.07616936261291984,0.024869108059796696,-0.14263620358065499,0
0.4159698644668077,-0.955261147292289,-0.006386532094568409,-1.2070584181585038,3
